Date,Coordinates,Value,Nearest_NDVI
2024-08-01,"628815.0, 5800125.0",46040.0,0.09270106
2024-08-01,"628845.0, 5800125.0",45924.0,0.053800818
2024-08-01,"628875.0, 5800125.0",45917.5,0.08658899
2024-08-01,"628905.0, 5800125.0",46032.5,0.086478055
2024-08-01,"628935.0, 5800125.0",45996.0,0.08143522
2024-08-01,"628965.0, 5800125.0",45919.0,0.063645594
2024-08-01,"628995.0, 5800125.0",45771.5,0.15175419
2024-08-01,"629025.0, 5800125.0",45580.0,0.46116942
2024-08-01,"629055.0, 5800125.0",45293.5,0.2928488
2024-08-01,"629085.0, 5800125.0",45075.5,0.29905343
2024-08-01,"629115.0, 5800125.0",44879.5,0.24378633
2024-08-01,"629145.0, 5800125.0",44660.5,0.15525717
2024-08-01,"629175.0, 5800125.0",44585.5,0.07836605
2024-08-01,"629205.0, 5800125.0",44408.5,0.23141253
2024-08-01,"629235.0, 5800125.0",44180.0,0.37442824
2024-08-01,"629265.0, 5800125.0",44226.5,0.13474172
2024-08-01,"629295.0, 5800125.0",44253.0,0.19496624
2024-08-01,"629325.0, 5800125.0",44222.5,0.32062098
2024-08-01,"629355.0, 5800125.0",44162.0,0.13246956
2024-08-01,"629385.0, 5800125.0",44133.0,0.3894373
2024-08-01,"628815.0, 5800095.0",45682.5,0.07699085
2024-08-01,"628845.0, 5800095.0",45746.5,0.13567533
2024-08-01,"628875.0, 5800095.0",45864.0,0.119539425
2024-08-01,"628905.0, 5800095.0",45819.0,0.062685564
2024-08-01,"628935.0, 5800095.0",45855.5,0.04373382
2024-08-01,"628965.0, 5800095.0",45838.5,0.103400804
2024-08-01,"628995.0, 5800095.0",45764.0,0.16594295
2024-08-01,"629025.0, 5800095.0",45612.0,0.18968599
2024-08-01,"629055.0, 5800095.0",45420.0,0.18223125
2024-08-01,"629085.0, 5800095.0",45216.0,0.31197375
2024-08-01,"629115.0, 5800095.0",44870.5,0.14825958
2024-08-01,"629145.0, 5800095.0",44621.5,0.020198528
2024-08-01,"629175.0, 5800095.0",44459.0,0.41527995
2024-08-01,"629205.0, 5800095.0",44291.0,0.17227599
2024-08-01,"629235.0, 5800095.0",44341.5,0.54178226
2024-08-01,"629265.0, 5800095.0",44351.0,0.31340364
2024-08-01,"629295.0, 5800095.0",44344.0,0.17869164
2024-08-01,"629325.0, 5800095.0",44329.0,0.2869314
2024-08-01,"629355.0, 5800095.0",44291.0,0.28220078
2024-08-01,"629385.0, 5800095.0",44181.5,0.39037472
2024-08-01,"628815.0, 5800065.0",45243.5,0.18740553
2024-08-01,"628845.0, 5800065.0",45343.0,0.5841288
2024-08-01,"628875.0, 5800065.0",45533.5,0.016149523
2024-08-01,"628905.0, 5800065.0",45580.0,0.11781264
2024-08-01,"628935.0, 5800065.0",45712.5,0.08292675
2024-08-01,"628965.0, 5800065.0",45772.5,0.10002457
2024-08-01,"628995.0, 5800065.0",45762.0,0.20009503
2024-08-01,"629025.0, 5800065.0",45685.5,0.28855103
2024-08-01,"629055.0, 5800065.0",45556.0,0.07152546
2024-08-01,"629085.0, 5800065.0",45390.0,0.26700643
2024-08-01,"629115.0, 5800065.0",45075.5,0.36118934
2024-08-01,"629145.0, 5800065.0",44857.0,0.27197585
2024-08-01,"629175.0, 5800065.0",44686.0,0.43136552
2024-08-01,"629205.0, 5800065.0",44540.5,0.4831189
2024-08-01,"629235.0, 5800065.0",44571.0,0.046217978
2024-08-01,"629265.0, 5800065.0",44530.0,0.17952208
2024-08-01,"629295.0, 5800065.0",44494.5,0.04240818
2024-08-01,"629325.0, 5800065.0",44475.0,0.42311546
2024-08-01,"629355.0, 5800065.0",44454.0,0.32901424
2024-08-01,"629385.0, 5800065.0",44354.0,0.22855839
2024-08-01,"628815.0, 5800035.0",44861.0,0.16198595
2024-08-01,"628845.0, 5800035.0",44964.0,0.35388666
2024-08-01,"628875.0, 5800035.0",45173.0,0.06988474
2024-08-01,"628905.0, 5800035.0",45263.5,0.13192536
2024-08-01,"628935.0, 5800035.0",45449.0,0.08573536
2024-08-01,"628965.0, 5800035.0",45591.0,0.014925455
2024-08-01,"628995.0, 5800035.0",45680.0,0.13216288
2024-08-01,"629025.0, 5800035.0",45694.5,0.13223651
2024-08-01,"629055.0, 5800035.0",45629.0,0.30707335
2024-08-01,"629085.0, 5800035.0",45513.5,0.3368557
2024-08-01,"629115.0, 5800035.0",45238.0,0.2552673
2024-08-01,"629145.0, 5800035.0",45058.5,0.021693364
2024-08-01,"629175.0, 5800035.0",44911.5,0.33625656
2024-08-01,"629205.0, 5800035.0",44761.5,0.02628497
2024-08-01,"629235.0, 5800035.0",44772.0,0.40067762
2024-08-01,"629265.0, 5800035.0",44700.5,0.23689768
2024-08-01,"629295.0, 5800035.0",44651.5,0.14174245
2024-08-01,"629325.0, 5800035.0",44618.5,0.1450987
2024-08-01,"629355.0, 5800035.0",44590.5,0.11609541
2024-08-01,"629385.0, 5800035.0",44521.0,0.42481604
2024-08-01,"628815.0, 5800005.0",44717.5,0.36760274
2024-08-01,"628845.0, 5800005.0",44769.5,0.061735436
2024-08-01,"628875.0, 5800005.0",44951.0,0.037268896
2024-08-01,"628905.0, 5800005.0",45033.5,0.2584209
2024-08-01,"628935.0, 5800005.0",45231.0,0.15800552
2024-08-01,"628965.0, 5800005.0",45403.0,0.07505433
2024-08-01,"628995.0, 5800005.0",45544.5,0.14777349
2024-08-01,"629025.0, 5800005.0",45638.0,0.08919825
2024-08-01,"629055.0, 5800005.0",45666.0,0.075312026
2024-08-01,"629085.0, 5800005.0",45629.0,0.31728572
2024-08-01,"629115.0, 5800005.0",45409.0,0.108242646
2024-08-01,"629145.0, 5800005.0",45233.5,0.17719205
2024-08-01,"629175.0, 5800005.0",45163.0,0.46023077
2024-08-01,"629205.0, 5800005.0",45015.0,0.15203097
2024-08-01,"629235.0, 5800005.0",44963.5,0.3400576
2024-08-01,"629265.0, 5800005.0",44857.0,0.22122651
2024-08-01,"629295.0, 5800005.0",44788.5,0.19311544
2024-08-01,"629325.0, 5800005.0",44754.5,0.2465431
2024-08-01,"629355.0, 5800005.0",44721.5,0.15662134
2024-08-01,"629385.0, 5800005.0",44688.5,0.32260135
2024-08-01,"628815.0, 5799975.0",44554.0,0.040396333
2024-08-01,"628845.0, 5799975.0",44798.0,0.18294978
2024-08-01,"628875.0, 5799975.0",44925.0,0.06596379
2024-08-01,"628905.0, 5799975.0",45096.5,0.13276368
2024-08-01,"628935.0, 5799975.0",45263.5,0.24568486
2024-08-01,"628965.0, 5799975.0",45425.5,0.0671117
2024-08-01,"628995.0, 5799975.0",45583.5,0.12000422
2024-08-01,"629025.0, 5799975.0",45724.5,0.08512261
2024-08-01,"629055.0, 5799975.0",45693.5,0.051026158
2024-08-01,"629085.0, 5799975.0",45735.0,0.073964156
2024-08-01,"629115.0, 5799975.0",45531.5,0.19572154
2024-08-01,"629145.0, 5799975.0",45446.5,0.35692805
2024-08-01,"629175.0, 5799975.0",45394.0,0.15930752
2024-08-01,"629205.0, 5799975.0",45253.0,0.24011627
2024-08-01,"629235.0, 5799975.0",45100.0,0.41070488
2024-08-01,"629265.0, 5799975.0",45039.5,0.4131915
2024-08-01,"629295.0, 5799975.0",44925.5,0.39275524
2024-08-01,"629325.0, 5799975.0",44858.5,0.261397
2024-08-01,"629355.0, 5799975.0",44811.5,0.09859788
2024-08-01,"629385.0, 5799975.0",44781.5,0.04863806
2024-08-01,"628815.0, 5799945.0",44695.5,0.12669924
2024-08-01,"628845.0, 5799945.0",44900.0,0.21345453
2024-08-01,"628875.0, 5799945.0",44983.5,0.040137537
2024-08-01,"628905.0, 5799945.0",45100.0,0.28163633
2024-08-01,"628935.0, 5799945.0",45218.0,0.08247991
2024-08-01,"628965.0, 5799945.0",45343.5,0.425279
2024-08-01,"628995.0, 5799945.0",45485.5,0.1583685
2024-08-01,"629025.0, 5799945.0",45632.0,0.2616297
2024-08-01,"629055.0, 5799945.0",45637.5,0.16599272
2024-08-01,"629085.0, 5799945.0",45740.0,0.06612053
2024-08-01,"629115.0, 5799945.0",45606.5,0.10084798
2024-08-01,"629145.0, 5799945.0",45588.0,0.212011
2024-08-01,"629175.0, 5799945.0",45593.5,0.18121533
2024-08-01,"629205.0, 5799945.0",45465.0,0.049472988
2024-08-01,"629235.0, 5799945.0",45301.0,0.025101628
2024-08-01,"629265.0, 5799945.0",45207.5,0.21294793
2024-08-01,"629295.0, 5799945.0",45050.0,0.29902557
2024-08-01,"629325.0, 5799945.0",44922.5,0.15915132
2024-08-01,"629355.0, 5799945.0",44832.5,0.02210432
2024-08-01,"629385.0, 5799945.0",44786.0,0.023089968
2024-08-01,"628815.0, 5799915.0",44771.0,0.13111101
2024-08-01,"628845.0, 5799915.0",44973.0,0.02920691
2024-08-01,"628875.0, 5799915.0",45023.0,0.23739235
2024-08-01,"628905.0, 5799915.0",45102.5,0.06896548
2024-08-01,"628935.0, 5799915.0",45180.0,0.31995317
2024-08-01,"628965.0, 5799915.0",45266.5,0.06497047
2024-08-01,"628995.0, 5799915.0",45367.5,0.18817031
2024-08-01,"629025.0, 5799915.0",45488.0,0.25120506
2024-08-01,"629055.0, 5799915.0",45501.5,0.08114835
2024-08-01,"629085.0, 5799915.0",45646.0,0.19619077
2024-08-01,"629115.0, 5799915.0",45580.0,0.16418508
2024-08-01,"629145.0, 5799915.0",45629.5,0.11669945
2024-08-01,"629175.0, 5799915.0",45679.0,0.2599812
2024-08-01,"629205.0, 5799915.0",45575.5,0.23880666
2024-08-01,"629235.0, 5799915.0",45418.5,0.20909306
2024-08-01,"629265.0, 5799915.0",45308.0,0.39729163
2024-08-01,"629295.0, 5799915.0",45117.0,0.35287043
2024-08-01,"629325.0, 5799915.0",44949.0,0.18962014
2024-08-01,"629355.0, 5799915.0",44817.5,0.062113777
2024-08-01,"629385.0, 5799915.0",44729.0,0.15680759
2024-08-01,"628815.0, 5799885.0",44826.5,0.17611842
2024-08-01,"628845.0, 5799885.0",44723.5,0.3450424
2024-08-01,"628875.0, 5799885.0",44769.0,0.13027288
2024-08-01,"628905.0, 5799885.0",44689.0,0.32213748
2024-08-01,"628935.0, 5799885.0",44715.0,0.11276039
2024-08-01,"628965.0, 5799885.0",44765.5,0.21550164
2024-08-01,"628995.0, 5799885.0",44810.5,0.1647785
2024-08-01,"629025.0, 5799885.0",44889.0,0.09421657
2024-08-01,"629055.0, 5799885.0",45065.5,0.11872713
2024-08-01,"629085.0, 5799885.0",45277.5,0.19185142
2024-08-01,"629115.0, 5799885.0",45530.0,0.046337917
2024-08-01,"629145.0, 5799885.0",45614.5,0.032120153
2024-08-01,"629175.0, 5799885.0",45609.0,0.07896142
2024-08-01,"629205.0, 5799885.0",45518.0,0.10018277
2024-08-01,"629235.0, 5799885.0",45376.0,0.35362765
2024-08-01,"629265.0, 5799885.0",45457.5,0.28916317
2024-08-01,"629295.0, 5799885.0",45266.0,0.4117185
2024-08-01,"629325.0, 5799885.0",45079.0,0.35944092
2024-08-01,"629355.0, 5799885.0",44907.5,0.13023233
2024-08-01,"629385.0, 5799885.0",44654.0,0.21950501
2024-08-01,"628815.0, 5799855.0",44731.5,0.047111537
2024-08-01,"628845.0, 5799855.0",44620.0,0.071059264
2024-08-01,"628875.0, 5799855.0",44660.0,0.083466806
2024-08-01,"628905.0, 5799855.0",44505.5,0.028720865
2024-08-01,"628935.0, 5799855.0",44546.5,0.3058087
2024-08-01,"628965.0, 5799855.0",44603.0,0.2643139
2024-08-01,"628995.0, 5799855.0",44647.5,0.3681728
2024-08-01,"629025.0, 5799855.0",44721.5,0.2578582
2024-08-01,"629055.0, 5799855.0",44908.5,0.35322756
2024-08-01,"629085.0, 5799855.0",45142.0,0.1765302
2024-08-01,"629115.0, 5799855.0",45411.5,0.023055213
2024-08-01,"629145.0, 5799855.0",45478.5,0.057492107
2024-08-01,"629175.0, 5799855.0",45482.5,0.040674698
2024-08-01,"629205.0, 5799855.0",45445.5,0.090715714
2024-08-01,"629235.0, 5799855.0",45350.0,0.014134
2024-08-01,"629265.0, 5799855.0",45479.5,0.023601145
2024-08-01,"629295.0, 5799855.0",45326.0,0.45767677
2024-08-01,"629325.0, 5799855.0",45154.0,0.12579454
2024-08-01,"629355.0, 5799855.0",44969.0,0.4233717
2024-08-01,"629385.0, 5799855.0",44681.0,0.06866836
2024-08-01,"628815.0, 5799825.0",44623.0,0.03547759
2024-08-01,"628845.0, 5799825.0",44493.5,0.2234181
2024-08-01,"628875.0, 5799825.0",44533.0,0.30671543
2024-08-01,"628905.0, 5799825.0",44378.0,0.13613859
2024-08-01,"628935.0, 5799825.0",44419.5,0.18658029
2024-08-01,"628965.0, 5799825.0",44472.0,0.12534814
2024-08-01,"628995.0, 5799825.0",44562.5,0.32022536
2024-08-01,"629025.0, 5799825.0",44621.5,0.35459575
2024-08-01,"629055.0, 5799825.0",44789.0,0.26554573
2024-08-01,"629085.0, 5799825.0",45018.0,0.23496823
2024-08-01,"629115.0, 5799825.0",45251.0,0.15017194
2024-08-01,"629145.0, 5799825.0",45305.0,0.018023236
2024-08-01,"629175.0, 5799825.0",45319.5,0.26224425
2024-08-01,"629205.0, 5799825.0",45314.0,0.16534191
2024-08-01,"629235.0, 5799825.0",45274.5,0.15051423
2024-08-01,"629265.0, 5799825.0",45460.0,0.1265119
2024-08-01,"629295.0, 5799825.0",45364.5,0.041661996
2024-08-01,"629325.0, 5799825.0",45237.0,0.16273145
2024-08-01,"629355.0, 5799825.0",45083.5,0.10825971
2024-08-01,"629385.0, 5799825.0",44823.0,0.18347771
2024-08-01,"628815.0, 5799795.0",44557.0,0.30073237
2024-08-01,"628845.0, 5799795.0",44463.5,0.38444763
2024-08-01,"628875.0, 5799795.0",44490.5,0.28612712
2024-08-01,"628905.0, 5799795.0",44318.0,0.26595113
2024-08-01,"628935.0, 5799795.0",44326.5,0.13898085
2024-08-01,"628965.0, 5799795.0",44357.5,0.3061111
2024-08-01,"628995.0, 5799795.0",44429.0,0.030794509
2024-08-01,"629025.0, 5799795.0",44499.0,0.13456838
2024-08-01,"629055.0, 5799795.0",44668.5,0.2453609
2024-08-01,"629085.0, 5799795.0",44828.5,0.2981092
2024-08-01,"629115.0, 5799795.0",45017.5,0.1651544
2024-08-01,"629145.0, 5799795.0",45053.5,0.025863148
2024-08-01,"629175.0, 5799795.0",45075.0,0.14278498
2024-08-01,"629205.0, 5799795.0",45102.0,0.35931024
2024-08-01,"629235.0, 5799795.0",45097.0,0.12053057
2024-08-01,"629265.0, 5799795.0",45340.5,0.03939726
2024-08-01,"629295.0, 5799795.0",45312.0,0.09212512
2024-08-01,"629325.0, 5799795.0",45256.5,0.037960343
2024-08-01,"629355.0, 5799795.0",45169.5,0.12374302
2024-08-01,"629385.0, 5799795.0",44952.5,0.012539104
2024-08-01,"628815.0, 5799765.0",44413.5,0.30607864
2024-08-01,"628845.0, 5799765.0",44481.0,0.3604651
2024-08-01,"628875.0, 5799765.0",44526.0,0.3741028
2024-08-01,"628905.0, 5799765.0",44283.5,0.3642998
2024-08-01,"628935.0, 5799765.0",44264.0,0.15639052
2024-08-01,"628965.0, 5799765.0",44257.5,0.42841822
2024-08-01,"628995.0, 5799765.0",44275.0,0.34501153
2024-08-01,"629025.0, 5799765.0",44330.5,0.39186582
2024-08-01,"629055.0, 5799765.0",44480.5,0.3081529
2024-08-01,"629085.0, 5799765.0",44596.0,0.08498692
2024-08-01,"629115.0, 5799765.0",44645.0,0.07458353
2024-08-01,"629145.0, 5799765.0",44633.0,0.16547395
2024-08-01,"629175.0, 5799765.0",44656.5,0.039728694
2024-08-01,"629205.0, 5799765.0",44644.5,0.2611603
2024-08-01,"629235.0, 5799765.0",44683.0,0.24265184
2024-08-01,"629265.0, 5799765.0",44970.5,0.16313852
2024-08-01,"629295.0, 5799765.0",44991.0,0.053520497
2024-08-01,"629325.0, 5799765.0",45012.0,0.089786336
2024-08-01,"629355.0, 5799765.0",45012.5,0.08046578
2024-08-01,"629385.0, 5799765.0",44979.0,0.07276581
2024-08-01,"628815.0, 5799735.0",44415.5,0.40728825
2024-08-01,"628845.0, 5799735.0",44533.0,0.18742317
2024-08-01,"628875.0, 5799735.0",44591.5,0.3944077
2024-08-01,"628905.0, 5799735.0",44358.5,0.13972938
2024-08-01,"628935.0, 5799735.0",44310.0,0.07858385
2024-08-01,"628965.0, 5799735.0",44237.0,0.035233196
2024-08-01,"628995.0, 5799735.0",44211.5,0.39594898
2024-08-01,"629025.0, 5799735.0",44229.5,0.26369026
2024-08-01,"629055.0, 5799735.0",44293.0,0.08675175
2024-08-01,"629085.0, 5799735.0",44356.0,0.069259435
2024-08-01,"629115.0, 5799735.0",44402.5,0.3162952
2024-08-01,"629145.0, 5799735.0",44374.0,0.4811399
2024-08-01,"629175.0, 5799735.0",44383.0,0.5094788
2024-08-01,"629205.0, 5799735.0",44366.0,0.23163575
2024-08-01,"629235.0, 5799735.0",44375.5,0.35876045
2024-08-01,"629265.0, 5799735.0",44667.0,0.22327267
2024-08-01,"629295.0, 5799735.0",44719.0,0.0733733
2024-08-01,"629325.0, 5799735.0",44809.0,0.05711796
2024-08-01,"629355.0, 5799735.0",44906.0,0.058222454
2024-08-01,"629385.0, 5799735.0",44974.0,0.054782197
2024-08-01,"628815.0, 5799705.0",44426.5,0.40811637
2024-08-01,"628845.0, 5799705.0",44560.5,0.3093004
2024-08-01,"628875.0, 5799705.0",44612.0,0.10667402
2024-08-01,"628905.0, 5799705.0",44371.0,0.2905837
2024-08-01,"628935.0, 5799705.0",44293.5,0.51051414
2024-08-01,"628965.0, 5799705.0",44212.0,0.3424372
2024-08-01,"628995.0, 5799705.0",44150.0,0.22791846
2024-08-01,"629025.0, 5799705.0",44128.0,0.06315544
2024-08-01,"629055.0, 5799705.0",44146.5,0.33578148
2024-08-01,"629085.0, 5799705.0",44149.5,0.56715614
2024-08-01,"629115.0, 5799705.0",44161.0,0.39541522
2024-08-01,"629145.0, 5799705.0",44163.0,0.06905639
2024-08-01,"629175.0, 5799705.0",44139.0,0.19369479
2024-08-01,"629205.0, 5799705.0",44153.5,0.22744156
2024-08-01,"629235.0, 5799705.0",44169.5,0.23730952
2024-08-01,"629265.0, 5799705.0",44450.5,0.29826003
2024-08-01,"629295.0, 5799705.0",44501.5,0.12308335
2024-08-01,"629325.0, 5799705.0",44632.0,0.043683313
2024-08-01,"629355.0, 5799705.0",44797.0,0.05231287
2024-08-01,"629385.0, 5799705.0",44942.5,0.021187859
2024-08-01,"628815.0, 5799675.0",44408.5,0.2289214
2024-08-01,"628845.0, 5799675.0",44517.5,0.092908934
2024-08-01,"628875.0, 5799675.0",44563.0,0.3255313
2024-08-01,"628905.0, 5799675.0",44315.0,0.26488012
2024-08-01,"628935.0, 5799675.0",44268.0,0.26251242
2024-08-01,"628965.0, 5799675.0",44208.5,0.42853716
2024-08-01,"628995.0, 5799675.0",44121.5,0.12368969
2024-08-01,"629025.0, 5799675.0",44018.0,0.18022256
2024-08-01,"629055.0, 5799675.0",43992.5,0.19295351
2024-08-01,"629085.0, 5799675.0",43976.5,0.32913506
2024-08-01,"629115.0, 5799675.0",43995.0,0.22615105
2024-08-01,"629145.0, 5799675.0",44002.0,0.17494689
2024-08-01,"629175.0, 5799675.0",44026.0,0.358831
2024-08-01,"629205.0, 5799675.0",44046.5,0.25665882
2024-08-01,"629235.0, 5799675.0",44044.0,0.29659197
2024-08-01,"629265.0, 5799675.0",44346.5,0.3093056
2024-08-01,"629295.0, 5799675.0",44388.0,0.29898787
2024-08-01,"629325.0, 5799675.0",44496.0,0.09692804
2024-08-01,"629355.0, 5799675.0",44472.0,0.102500714
2024-08-01,"629385.0, 5799675.0",44861.0,0.045829963
2024-08-01,"628815.0, 5799645.0",44370.5,0.24014537
2024-08-01,"628845.0, 5799645.0",44433.0,0.33574864
2024-08-01,"628875.0, 5799645.0",44477.0,0.10009613
2024-08-01,"628905.0, 5799645.0",44276.0,0.33179387
2024-08-01,"628935.0, 5799645.0",44248.5,0.52714133
2024-08-01,"628965.0, 5799645.0",44190.5,0.19047615
2024-08-01,"628995.0, 5799645.0",44090.5,0.116679706
2024-08-01,"629025.0, 5799645.0",43960.5,0.17037977
2024-08-01,"629055.0, 5799645.0",43891.0,0.36857954
2024-08-01,"629085.0, 5799645.0",43859.5,0.5806328
2024-08-01,"629115.0, 5799645.0",43878.5,0.38325438
2024-08-01,"629145.0, 5799645.0",43893.5,0.35837272
2024-08-01,"629175.0, 5799645.0",43912.5,0.023540754
2024-08-01,"629205.0, 5799645.0",43947.0,0.513868
2024-08-01,"629235.0, 5799645.0",43979.0,0.34206823
2024-08-01,"629265.0, 5799645.0",44305.5,0.32894146
2024-08-01,"629295.0, 5799645.0",44317.0,0.1628121
2024-08-01,"629325.0, 5799645.0",44376.0,0.017796362
2024-08-01,"629355.0, 5799645.0",44120.0,0.034543958
2024-08-01,"629385.0, 5799645.0",44690.5,0.021976324
2024-08-01,"628815.0, 5799615.0",44283.5,0.30527577
2024-08-01,"628845.0, 5799615.0",44156.5,0.3552449
2024-08-01,"628875.0, 5799615.0",44383.0,0.019042607
2024-08-01,"628905.0, 5799615.0",44210.0,0.24420607
2024-08-01,"628935.0, 5799615.0",44209.5,0.25769898
2024-08-01,"628965.0, 5799615.0",44157.0,0.15386139
2024-08-01,"628995.0, 5799615.0",44069.0,0.37057835
2024-08-01,"629025.0, 5799615.0",43949.5,0.34178728
2024-08-01,"629055.0, 5799615.0",43879.0,0.08138031
2024-08-01,"629085.0, 5799615.0",43823.5,0.19431831
2024-08-01,"629115.0, 5799615.0",43823.5,0.26014566
2024-08-01,"629145.0, 5799615.0",43824.5,0.19242014
2024-08-01,"629175.0, 5799615.0",43827.5,0.41021478
2024-08-01,"629205.0, 5799615.0",43877.0,0.4135084
2024-08-01,"629235.0, 5799615.0",43955.0,0.2553886
2024-08-01,"629265.0, 5799615.0",44275.5,0.17900056
2024-08-01,"629295.0, 5799615.0",44256.0,0.04516463
2024-08-01,"629325.0, 5799615.0",44235.0,0.3596867
2024-08-01,"629355.0, 5799615.0",43922.0,0.023160303
2024-08-01,"629385.0, 5799615.0",44290.0,0.014763843
2024-08-01,"628815.0, 5799585.0",44183.0,0.2593646
2024-08-01,"628845.0, 5799585.0",44212.5,0.27114376
2024-08-01,"628875.0, 5799585.0",44291.5,0.07060982
2024-08-01,"628905.0, 5799585.0",44155.0,0.31217724
2024-08-01,"628935.0, 5799585.0",44205.0,0.49872136
2024-08-01,"628965.0, 5799585.0",44148.0,0.3830421
2024-08-01,"628995.0, 5799585.0",44064.0,0.34907743
2024-08-01,"629025.0, 5799585.0",43953.0,0.23794624
2024-08-01,"629055.0, 5799585.0",43889.0,0.38977718
2024-08-01,"629085.0, 5799585.0",43839.0,0.36030608
2024-08-01,"629115.0, 5799585.0",43808.5,0.56693995
2024-08-01,"629145.0, 5799585.0",43810.0,0.18133423
2024-08-01,"629175.0, 5799585.0",43797.5,0.4167634
2024-08-01,"629205.0, 5799585.0",43845.0,0.22799623
2024-08-01,"629235.0, 5799585.0",43913.5,0.23754022
2024-08-01,"629265.0, 5799585.0",44231.5,0.30592173
2024-08-01,"629295.0, 5799585.0",44198.0,0.370957
2024-08-01,"629325.0, 5799585.0",44128.5,0.32382438
2024-08-01,"629355.0, 5799585.0",43761.5,0.04013889
2024-08-01,"629385.0, 5799585.0",43893.0,0.006008286
2024-08-01,"628815.0, 5799555.0",44093.0,0.35745353
2024-08-01,"628845.0, 5799555.0",44090.0,0.4032712
2024-08-01,"628875.0, 5799555.0",44192.0,0.3842139
2024-08-01,"628905.0, 5799555.0",44322.0,0.40932104
2024-08-01,"628935.0, 5799555.0",44140.5,0.53129697
2024-08-01,"628965.0, 5799555.0",44358.5,0.23847225
2024-08-01,"628995.0, 5799555.0",44284.0,0.21125846
2024-08-01,"629025.0, 5799555.0",44196.5,0.08031805
2024-08-01,"629055.0, 5799555.0",44065.0,0.37528682
2024-08-01,"629085.0, 5799555.0",43991.0,0.5423539
2024-08-01,"629115.0, 5799555.0",43991.5,0.19460115
2024-08-01,"629145.0, 5799555.0",43978.5,0.23234722
2024-08-01,"629175.0, 5799555.0",44001.5,0.22819306
2024-08-01,"629205.0, 5799555.0",43849.5,0.5688231
2024-08-01,"629235.0, 5799555.0",43897.5,0.2584107
2024-08-01,"629265.0, 5799555.0",44143.5,0.30126604
2024-08-01,"629295.0, 5799555.0",44117.0,0.37533358
2024-08-01,"629325.0, 5799555.0",44057.5,0.24541032
2024-08-01,"629355.0, 5799555.0",44052.0,0.106570505
2024-08-01,"629385.0, 5799555.0",43813.0,0.059553865
2024-08-01,"628815.0, 5799525.0",43908.0,0.36154065
2024-08-01,"628845.0, 5799525.0",43948.5,0.03316831
2024-08-01,"628875.0, 5799525.0",44050.0,0.1720239
2024-08-01,"628905.0, 5799525.0",44187.0,0.37042215
2024-08-01,"628935.0, 5799525.0",44335.5,0.24817526
2024-08-01,"628965.0, 5799525.0",44314.5,0.396884
2024-08-01,"628995.0, 5799525.0",44256.5,0.49276596
2024-08-01,"629025.0, 5799525.0",44176.0,0.08609309
2024-08-01,"629055.0, 5799525.0",44032.0,0.25389445
2024-08-01,"629085.0, 5799525.0",43942.0,0.17314896
2024-08-01,"629115.0, 5799525.0",43926.0,0.30671772
2024-08-01,"629145.0, 5799525.0",43902.0,0.091306604
2024-08-01,"629175.0, 5799525.0",43933.0,0.24295293
2024-08-01,"629205.0, 5799525.0",43777.5,0.42524883
2024-08-01,"629235.0, 5799525.0",43818.5,0.39415047
2024-08-01,"629265.0, 5799525.0",44071.0,0.4774415
2024-08-01,"629295.0, 5799525.0",44073.5,0.38634124
2024-08-01,"629325.0, 5799525.0",44055.5,0.32887283
2024-08-01,"629355.0, 5799525.0",44069.0,0.38502753
2024-08-01,"629385.0, 5799525.0",43787.5,-0.048100166
2024-08-01,"628815.0, 5799495.0",43880.5,0.56625414
2024-08-01,"628845.0, 5799495.0",43897.0,0.13414016
2024-08-01,"628875.0, 5799495.0",43998.0,0.3931874
2024-08-01,"628905.0, 5799495.0",44131.0,0.3626266
2024-08-01,"628935.0, 5799495.0",44271.0,0.24275143
2024-08-01,"628965.0, 5799495.0",44261.5,0.1484227
2024-08-01,"628995.0, 5799495.0",44219.0,0.34922305
2024-08-01,"629025.0, 5799495.0",44144.5,0.22416335
2024-08-01,"629055.0, 5799495.0",43978.5,0.43301532
2024-08-01,"629085.0, 5799495.0",43848.0,0.33983827
2024-08-01,"629115.0, 5799495.0",43806.0,0.18607081
2024-08-01,"629145.0, 5799495.0",43778.0,0.37053353
2024-08-01,"629175.0, 5799495.0",43800.0,0.33999738
2024-08-01,"629205.0, 5799495.0",43649.5,0.082662694
2024-08-01,"629235.0, 5799495.0",43720.0,0.034871094
2024-08-01,"629265.0, 5799495.0",43980.5,0.43550715
2024-08-01,"629295.0, 5799495.0",44020.5,0.33812827
2024-08-01,"629325.0, 5799495.0",44045.5,0.2374595
2024-08-01,"629355.0, 5799495.0",44062.0,0.1522265
2024-08-01,"629385.0, 5799495.0",43743.0,0.06249056
2024-08-01,"628815.0, 5799465.0",43872.5,0.20872928
2024-08-01,"628845.0, 5799465.0",43855.0,0.2927933
2024-08-01,"628875.0, 5799465.0",43938.0,0.21673687
2024-08-01,"628905.0, 5799465.0",44061.5,0.20892473
2024-08-01,"628935.0, 5799465.0",44193.5,0.34886673
2024-08-01,"628965.0, 5799465.0",44198.5,0.13303694
2024-08-01,"628995.0, 5799465.0",44164.5,0.141181
2024-08-01,"629025.0, 5799465.0",44097.0,0.24220629
2024-08-01,"629055.0, 5799465.0",43914.5,0.33364198
2024-08-01,"629085.0, 5799465.0",43750.0,0.2190909
2024-08-01,"629115.0, 5799465.0",43514.5,0.26917303
2024-08-01,"629145.0, 5799465.0",43481.5,0.10905297
2024-08-01,"629175.0, 5799465.0",43664.5,0.5329425
2024-08-01,"629205.0, 5799465.0",43520.0,0.3299545
2024-08-01,"629235.0, 5799465.0",43608.5,0.37768134
2024-08-01,"629265.0, 5799465.0",43875.0,0.42403603
2024-08-01,"629295.0, 5799465.0",43935.0,0.05073422
2024-08-01,"629325.0, 5799465.0",43989.0,0.0356672
2024-08-01,"629355.0, 5799465.0",44014.5,0.055424947
2024-08-01,"629385.0, 5799465.0",43682.5,0.12461792
2024-08-01,"628815.0, 5799435.0",43887.0,0.34296483
2024-08-01,"628845.0, 5799435.0",43682.5,0.20258462
2024-08-01,"628875.0, 5799435.0",43716.5,0.38982946
2024-08-01,"628905.0, 5799435.0",43807.0,0.2995385
2024-08-01,"628935.0, 5799435.0",43846.5,0.50091636
2024-08-01,"628965.0, 5799435.0",43861.5,0.17204659
2024-08-01,"628995.0, 5799435.0",43843.0,0.16157162
2024-08-01,"629025.0, 5799435.0",43773.0,0.40586388
2024-08-01,"629055.0, 5799435.0",43664.0,0.317106
2024-08-01,"629085.0, 5799435.0",43503.5,0.4859221
2024-08-01,"629115.0, 5799435.0",43442.5,0.021645308
2024-08-01,"629145.0, 5799435.0",43374.0,0.097128
2024-08-01,"629175.0, 5799435.0",43331.5,0.4148131
2024-08-01,"629205.0, 5799435.0",43567.5,0.1730061
2024-08-01,"629235.0, 5799435.0",43651.5,0.3182103
2024-08-01,"629265.0, 5799435.0",43667.0,0.258928
2024-08-01,"629295.0, 5799435.0",43747.0,0.34102145
2024-08-01,"629325.0, 5799435.0",43813.5,0.40854526
2024-08-01,"629355.0, 5799435.0",43740.0,0.30771664
2024-08-01,"629385.0, 5799435.0",43653.5,0.09232293
2024-08-01,"628815.0, 5799405.0",43902.5,0.14920244
2024-08-01,"628845.0, 5799405.0",43688.5,0.17020558
2024-08-01,"628875.0, 5799405.0",43684.0,0.14356786
2024-08-01,"628905.0, 5799405.0",43723.0,0.3451791
2024-08-01,"628935.0, 5799405.0",43748.5,0.32659492
2024-08-01,"628965.0, 5799405.0",43758.5,0.20009317
2024-08-01,"628995.0, 5799405.0",43757.0,0.3643157
2024-08-01,"629025.0, 5799405.0",43708.5,0.20181635
2024-08-01,"629055.0, 5799405.0",43605.5,0.31464913
2024-08-01,"629085.0, 5799405.0",43464.0,0.13730763
2024-08-01,"629115.0, 5799405.0",43355.0,0.5082619
2024-08-01,"629145.0, 5799405.0",43236.0,0.020180177
2024-08-01,"629175.0, 5799405.0",43276.0,0.41433522
2024-08-01,"629205.0, 5799405.0",43477.5,0.31647897
2024-08-01,"629235.0, 5799405.0",43564.0,0.45195472
2024-08-01,"629265.0, 5799405.0",43587.0,0.31609502
2024-08-01,"629295.0, 5799405.0",43675.0,0.34208864
2024-08-01,"629325.0, 5799405.0",43758.5,0.040077236
2024-08-01,"629355.0, 5799405.0",43708.0,0.27584362
2024-08-01,"629385.0, 5799405.0",43648.5,0.04767519
2024-08-01,"628815.0, 5799375.0",43947.0,0.31926912
2024-08-01,"628845.0, 5799375.0",43728.0,0.34433508
2024-08-01,"628875.0, 5799375.0",43677.0,0.39759365
2024-08-01,"628905.0, 5799375.0",43678.5,0.32017437
2024-08-01,"628935.0, 5799375.0",43707.0,0.38160226
2024-08-01,"628965.0, 5799375.0",43713.5,0.36850107
2024-08-01,"628995.0, 5799375.0",43708.5,0.37584323
2024-08-01,"629025.0, 5799375.0",43664.5,0.021040384
2024-08-01,"629055.0, 5799375.0",43566.5,0.17751993
2024-08-01,"629085.0, 5799375.0",43433.5,0.1734199
2024-08-01,"629115.0, 5799375.0",43338.5,0.17896143
2024-08-01,"629145.0, 5799375.0",43297.0,0.12606142
2024-08-01,"629175.0, 5799375.0",43239.5,0.26988688
2024-08-01,"629205.0, 5799375.0",43430.0,0.074828476
2024-08-01,"629235.0, 5799375.0",43510.5,0.50922
2024-08-01,"629265.0, 5799375.0",43529.5,0.27256015
2024-08-01,"629295.0, 5799375.0",43625.5,0.38892904
2024-08-01,"629325.0, 5799375.0",43591.0,0.38328195
2024-08-01,"629355.0, 5799375.0",43556.0,0.038169686
2024-08-01,"629385.0, 5799375.0",43639.5,0.020980446
2024-08-01,"628815.0, 5799345.0",43982.5,0.07238237
2024-08-01,"628845.0, 5799345.0",43762.5,0.29945284
2024-08-01,"628875.0, 5799345.0",43681.0,0.1745092
2024-08-01,"628905.0, 5799345.0",43669.5,0.19394444
2024-08-01,"628935.0, 5799345.0",43702.5,0.0866212
2024-08-01,"628965.0, 5799345.0",43731.0,0.32055187
2024-08-01,"628995.0, 5799345.0",43702.0,0.17734703
2024-08-01,"629025.0, 5799345.0",43647.5,0.18792626
2024-08-01,"629055.0, 5799345.0",43521.0,0.23934266
2024-08-01,"629085.0, 5799345.0",43387.0,0.2012578
2024-08-01,"629115.0, 5799345.0",43295.0,0.23056963
2024-08-01,"629145.0, 5799345.0",43238.5,0.28914592
2024-08-01,"629175.0, 5799345.0",43204.0,0.53984445
2024-08-01,"629205.0, 5799345.0",43412.5,0.31525666
2024-08-01,"629235.0, 5799345.0",43483.5,0.019864272
2024-08-01,"629265.0, 5799345.0",43497.5,0.3707799
2024-08-01,"629295.0, 5799345.0",43587.5,0.03154767
2024-08-01,"629325.0, 5799345.0",43427.0,0.25772902
2024-08-01,"629355.0, 5799345.0",43631.5,0.027734954
2024-08-01,"629385.0, 5799345.0",43844.5,0.040077485
2024-08-01,"628815.0, 5799315.0",44007.0,0.53358316
2024-08-01,"628845.0, 5799315.0",43747.5,0.25101388
2024-08-01,"628875.0, 5799315.0",43675.0,0.4517722
2024-08-01,"628905.0, 5799315.0",43693.5,0.18216248
2024-08-01,"628935.0, 5799315.0",43760.0,0.16774924
2024-08-01,"628965.0, 5799315.0",43796.0,0.51301825
2024-08-01,"628995.0, 5799315.0",43760.5,0.029884005
2024-08-01,"629025.0, 5799315.0",43627.0,0.24931836
2024-08-01,"629055.0, 5799315.0",43411.0,0.4315763
2024-08-01,"629085.0, 5799315.0",43265.0,0.22773987
2024-08-01,"629115.0, 5799315.0",43210.5,0.03361596
2024-08-01,"629145.0, 5799315.0",43197.0,0.09228281
2024-08-01,"629175.0, 5799315.0",43190.0,0.07250015
2024-08-01,"629205.0, 5799315.0",43501.0,0.20649299
2024-08-01,"629235.0, 5799315.0",43564.0,0.02944583
2024-08-01,"629265.0, 5799315.0",43363.0,0.3991668
2024-08-01,"629295.0, 5799315.0",43514.5,0.35529628
2024-08-01,"629325.0, 5799315.0",43525.5,0.03506629
2024-08-01,"629355.0, 5799315.0",43669.5,0.04115531
2024-08-01,"629385.0, 5799315.0",43696.0,0.035581023
2024-08-01,"628815.0, 5799285.0",43995.5,0.55509466
2024-08-01,"628845.0, 5799285.0",43715.5,0.08713072
2024-08-01,"628875.0, 5799285.0",43654.5,0.14267945
2024-08-01,"628905.0, 5799285.0",43683.5,0.33669195
2024-08-01,"628935.0, 5799285.0",43766.5,0.38200608
2024-08-01,"628965.0, 5799285.0",43802.0,0.31365472
2024-08-01,"628995.0, 5799285.0",43749.0,0.28244436
2024-08-01,"629025.0, 5799285.0",43546.0,0.10826296
2024-08-01,"629055.0, 5799285.0",43292.5,0.50499386
2024-08-01,"629085.0, 5799285.0",43178.0,0.5327803
2024-08-01,"629115.0, 5799285.0",43158.5,0.26895237
2024-08-01,"629145.0, 5799285.0",43179.0,0.34132197
2024-08-01,"629175.0, 5799285.0",43194.0,0.20437375
2024-08-01,"629205.0, 5799285.0",43505.5,0.034893457
2024-08-01,"629235.0, 5799285.0",43560.0,0.20025052
2024-08-01,"629265.0, 5799285.0",43387.0,0.162259
2024-08-01,"629295.0, 5799285.0",43326.0,0.23601156
2024-08-01,"629325.0, 5799285.0",43408.5,0.017954977
2024-08-01,"629355.0, 5799285.0",43610.5,0.14585674
2024-08-01,"629385.0, 5799285.0",43674.5,0.20676912
2024-08-01,"628815.0, 5799255.0",43960.5,0.33891395
2024-08-01,"628845.0, 5799255.0",43852.5,0.3531622
2024-08-01,"628875.0, 5799255.0",43607.5,0.1453075
2024-08-01,"628905.0, 5799255.0",43625.0,0.046873216
2024-08-01,"628935.0, 5799255.0",43702.0,0.31545132
2024-08-01,"628965.0, 5799255.0",43688.0,0.1993433
2024-08-01,"628995.0, 5799255.0",43630.0,0.20877053
2024-08-01,"629025.0, 5799255.0",43440.0,0.28453946
2024-08-01,"629055.0, 5799255.0",43188.5,0.284519
2024-08-01,"629085.0, 5799255.0",43118.0,0.1593312
2024-08-01,"629115.0, 5799255.0",43123.0,0.17764477
2024-08-01,"629145.0, 5799255.0",43181.5,0.099542625
2024-08-01,"629175.0, 5799255.0",43228.0,0.17604119
2024-08-01,"629205.0, 5799255.0",43544.5,0.33882356
2024-08-01,"629235.0, 5799255.0",43606.0,0.39517844
2024-08-01,"629265.0, 5799255.0",43375.0,0.2958747
2024-08-01,"629295.0, 5799255.0",43376.0,0.091051035
2024-08-01,"629325.0, 5799255.0",43657.5,0.102818474
2024-08-01,"629355.0, 5799255.0",43675.5,0.057158493
2024-08-01,"629385.0, 5799255.0",43745.0,0.33456585
2024-08-01,"628815.0, 5799225.0",43920.0,0.077620745
2024-08-01,"628845.0, 5799225.0",43803.5,0.38627556
2024-08-01,"628875.0, 5799225.0",43548.5,0.07478328
2024-08-01,"628905.0, 5799225.0",43535.5,0.21867636
2024-08-01,"628935.0, 5799225.0",43568.5,0.33245635
2024-08-01,"628965.0, 5799225.0",43539.0,0.5014978
2024-08-01,"628995.0, 5799225.0",43462.5,0.4669854
2024-08-01,"629025.0, 5799225.0",43296.5,0.32177362
2024-08-01,"629055.0, 5799225.0",43109.0,0.18610531
2024-08-01,"629085.0, 5799225.0",43117.0,0.21824045
2024-08-01,"629115.0, 5799225.0",43148.0,0.3396549
2024-08-01,"629145.0, 5799225.0",43300.0,0.18892111
2024-08-01,"629175.0, 5799225.0",43362.0,0.31611633
2024-08-01,"629205.0, 5799225.0",43590.5,0.15043077
2024-08-01,"629235.0, 5799225.0",43663.0,0.3165081
2024-08-01,"629265.0, 5799225.0",43442.0,0.028044995
2024-08-01,"629295.0, 5799225.0",43437.5,0.07509541
2024-08-01,"629325.0, 5799225.0",43785.5,0.11892074
2024-08-01,"629355.0, 5799225.0",43852.5,0.36642224
2024-08-01,"629385.0, 5799225.0",43895.5,0.061359894
2024-08-01,"628815.0, 5799195.0",44042.5,0.24845728
2024-08-01,"628845.0, 5799195.0",43908.5,0.19866042
2024-08-01,"628875.0, 5799195.0",43503.0,0.4653353
2024-08-01,"628905.0, 5799195.0",43453.5,0.2286277
2024-08-01,"628935.0, 5799195.0",43418.5,0.33597994
2024-08-01,"628965.0, 5799195.0",43379.0,0.22781746
2024-08-01,"628995.0, 5799195.0",43300.0,0.35945424
2024-08-01,"629025.0, 5799195.0",43180.5,0.22379914
2024-08-01,"629055.0, 5799195.0",43112.5,0.37546527
2024-08-01,"629085.0, 5799195.0",43145.5,0.19018397
2024-08-01,"629115.0, 5799195.0",43182.0,0.21819814
2024-08-01,"629145.0, 5799195.0",43332.0,0.16190094
2024-08-01,"629175.0, 5799195.0",43384.5,0.3301527
2024-08-01,"629205.0, 5799195.0",43599.0,0.20057172
2024-08-01,"629235.0, 5799195.0",43664.5,0.3345683
2024-08-01,"629265.0, 5799195.0",43336.5,0.028828975
2024-08-01,"629295.0, 5799195.0",43618.0,0.026383689
2024-08-01,"629325.0, 5799195.0",43886.0,0.013527337
2024-08-01,"629355.0, 5799195.0",44000.0,0.2148932
2024-08-01,"629385.0, 5799195.0",44049.5,0.028689932
2024-08-01,"628815.0, 5799165.0",44021.0,0.3124637
2024-08-01,"628845.0, 5799165.0",43873.5,0.392704
2024-08-01,"628875.0, 5799165.0",43461.0,0.18244137
2024-08-01,"628905.0, 5799165.0",43402.0,0.33194384
2024-08-01,"628935.0, 5799165.0",43353.5,0.09581121
2024-08-01,"628965.0, 5799165.0",43309.5,0.20808245
2024-08-01,"628995.0, 5799165.0",43262.0,0.32720926
2024-08-01,"629025.0, 5799165.0",43201.0,0.5433548
2024-08-01,"629055.0, 5799165.0",43154.0,0.041590765
2024-08-01,"629085.0, 5799165.0",43159.0,0.16911884
2024-08-01,"629115.0, 5799165.0",43213.0,0.37641186
2024-08-01,"629145.0, 5799165.0",43367.0,0.2176636
2024-08-01,"629175.0, 5799165.0",43400.0,0.38125882
2024-08-01,"629205.0, 5799165.0",43595.5,0.31578985
2024-08-01,"629235.0, 5799165.0",43434.5,0.10472329
2024-08-01,"629265.0, 5799165.0",43329.5,0.029181082
2024-08-01,"629295.0, 5799165.0",43724.0,0.03326504
2024-08-01,"629325.0, 5799165.0",43921.5,0.31416756
2024-08-01,"629355.0, 5799165.0",44069.5,0.41942388
2024-08-01,"629385.0, 5799165.0",44139.5,0.43914068
2024-08-01,"628815.0, 5799135.0",44000.5,0.37098718
2024-08-01,"628845.0, 5799135.0",43845.5,0.45892802
2024-08-01,"628875.0, 5799135.0",43424.0,0.07108404
2024-08-01,"628905.0, 5799135.0",43364.0,0.5796981
2024-08-01,"628935.0, 5799135.0",43335.0,0.34903413
2024-08-01,"628965.0, 5799135.0",43324.0,0.17009723
2024-08-01,"628995.0, 5799135.0",43281.0,0.37862763
2024-08-01,"629025.0, 5799135.0",43233.5,0.412893
2024-08-01,"629055.0, 5799135.0",43206.5,0.3766227
2024-08-01,"629085.0, 5799135.0",43191.5,0.3978922
2024-08-01,"629115.0, 5799135.0",43222.5,0.39663294
2024-08-01,"629145.0, 5799135.0",43384.5,0.3978036
2024-08-01,"629175.0, 5799135.0",43392.5,0.4396807
2024-08-01,"629205.0, 5799135.0",43551.5,0.035893716
2024-08-01,"629235.0, 5799135.0",43164.0,0.15617658
2024-08-01,"629265.0, 5799135.0",43291.5,-0.02505753
2024-08-01,"629295.0, 5799135.0",43731.0,0.09009342
2024-08-01,"629325.0, 5799135.0",43956.0,0.5166124
2024-08-01,"629355.0, 5799135.0",44098.5,0.40132368
2024-08-01,"629385.0, 5799135.0",44194.0,0.04397783
2024-08-01,"628815.0, 5799105.0",43985.5,0.12736414
2024-08-01,"628845.0, 5799105.0",43831.0,0.39149755
2024-08-01,"628875.0, 5799105.0",43416.0,0.3094573
2024-08-01,"628905.0, 5799105.0",43372.5,0.47633797
2024-08-01,"628935.0, 5799105.0",43367.5,0.21998578
2024-08-01,"628965.0, 5799105.0",43363.5,0.39831695
2024-08-01,"628995.0, 5799105.0",43346.0,0.34750918
2024-08-01,"629025.0, 5799105.0",43309.0,0.5327517
2024-08-01,"629055.0, 5799105.0",43284.5,0.2199379
2024-08-01,"629085.0, 5799105.0",43263.0,0.25133482
2024-08-01,"629115.0, 5799105.0",43252.5,0.47363257
2024-08-01,"629145.0, 5799105.0",43371.0,0.07961027
2024-08-01,"629175.0, 5799105.0",43339.5,0.38926926
2024-08-01,"629205.0, 5799105.0",43458.5,0.27568853
2024-08-01,"629235.0, 5799105.0",43264.5,0.0518382
2024-08-01,"629265.0, 5799105.0",43489.0,0.10892051
2024-08-01,"629295.0, 5799105.0",43709.5,0.06303958
2024-08-01,"629325.0, 5799105.0",43991.5,0.34359968
2024-08-01,"629355.0, 5799105.0",44113.0,0.08572366
2024-08-01,"629385.0, 5799105.0",44208.0,0.3529523
2024-08-01,"628815.0, 5799075.0",43977.5,0.12908241
2024-08-01,"628845.0, 5799075.0",43835.0,0.41765568
2024-08-01,"628875.0, 5799075.0",43438.5,0.44714206
2024-08-01,"628905.0, 5799075.0",43412.5,0.42540187
2024-08-01,"628935.0, 5799075.0",43408.5,0.53413075
2024-08-01,"628965.0, 5799075.0",43417.0,0.37758714
2024-08-01,"628995.0, 5799075.0",43423.5,0.53181654
2024-08-01,"629025.0, 5799075.0",43400.0,0.15926848
2024-08-01,"629055.0, 5799075.0",43365.5,0.41184554
2024-08-01,"629085.0, 5799075.0",43308.5,0.39299586
2024-08-01,"629115.0, 5799075.0",43248.0,0.5313694
2024-08-01,"629145.0, 5799075.0",43316.0,0.3978435
2024-08-01,"629175.0, 5799075.0",43220.0,0.28679445
2024-08-01,"629205.0, 5799075.0",43292.5,0.36394975
2024-08-01,"629235.0, 5799075.0",42890.5,0.055542927
2024-08-01,"629265.0, 5799075.0",43324.5,0.04077675
2024-08-01,"629295.0, 5799075.0",43582.0,0.30871248
2024-08-01,"629325.0, 5799075.0",43863.5,0.10254693
2024-08-01,"629355.0, 5799075.0",44019.5,0.06342748
2024-08-01,"629385.0, 5799075.0",44159.0,0.21105519
2024-08-01,"628815.0, 5799045.0",43991.5,0.030311672
2024-08-01,"628845.0, 5799045.0",43869.0,0.37800542
2024-08-01,"628875.0, 5799045.0",43489.0,0.3103781
2024-08-01,"628905.0, 5799045.0",43466.0,0.3709442
2024-08-01,"628935.0, 5799045.0",43466.5,0.22035295
2024-08-01,"628965.0, 5799045.0",43480.5,0.35464042
2024-08-01,"628995.0, 5799045.0",43488.5,0.24769655
2024-08-01,"629025.0, 5799045.0",43460.5,0.36409184
2024-08-01,"629055.0, 5799045.0",43395.0,0.38132486
2024-08-01,"629085.0, 5799045.0",43315.0,0.5848088
2024-08-01,"629115.0, 5799045.0",43220.0,0.3699735
2024-08-01,"629145.0, 5799045.0",43240.0,0.41371918
2024-08-01,"629175.0, 5799045.0",43060.5,0.42945886
2024-08-01,"629205.0, 5799045.0",43084.5,0.29454747
2024-08-01,"629235.0, 5799045.0",42908.0,0.035015143
2024-08-01,"629265.0, 5799045.0",43125.0,0.028483685
2024-08-01,"629295.0, 5799045.0",43397.0,0.32652655
2024-08-01,"629325.0, 5799045.0",43652.5,0.22576186
2024-08-01,"629355.0, 5799045.0",43847.5,0.026525337
2024-08-01,"629385.0, 5799045.0",44008.0,0.36980146
2024-08-01,"628815.0, 5799015.0",44059.0,0.029677317
2024-08-01,"628845.0, 5799015.0",43946.0,0.14332025
2024-08-01,"628875.0, 5799015.0",43569.5,0.12956807
2024-08-01,"628905.0, 5799015.0",43547.5,0.4625515
2024-08-01,"628935.0, 5799015.0",43539.0,0.09687729
2024-08-01,"628965.0, 5799015.0",43541.5,0.30398628
2024-08-01,"628995.0, 5799015.0",43541.5,0.37695935
2024-08-01,"629025.0, 5799015.0",43506.5,0.16467689
2024-08-01,"629055.0, 5799015.0",43434.5,0.19381052
2024-08-01,"629085.0, 5799015.0",43337.0,0.17352253
2024-08-01,"629115.0, 5799015.0",43211.0,0.07374148
2024-08-01,"629145.0, 5799015.0",43182.0,0.199218
2024-08-01,"629175.0, 5799015.0",42933.5,0.062857255
2024-08-01,"629205.0, 5799015.0",42708.5,0.15507644
2024-08-01,"629235.0, 5799015.0",42785.0,0.031174498
2024-08-01,"629265.0, 5799015.0",42980.5,0.20816983
2024-08-01,"629295.0, 5799015.0",43251.5,0.19935791
2024-08-01,"629325.0, 5799015.0",43481.5,0.3748975
2024-08-01,"629355.0, 5799015.0",43679.0,0.0874091
2024-08-01,"629385.0, 5799015.0",43861.5,0.33665648
2024-08-01,"628815.0, 5798985.0",44226.0,0.16691889
2024-08-01,"628845.0, 5798985.0",44103.0,0.35734594
2024-08-01,"628875.0, 5798985.0",43987.0,0.30197972
2024-08-01,"628905.0, 5798985.0",43933.5,0.22887185
2024-08-01,"628935.0, 5798985.0",43634.0,0.36174402
2024-08-01,"628965.0, 5798985.0",43623.0,0.19421406
2024-08-01,"628995.0, 5798985.0",43602.5,0.036121085
2024-08-01,"629025.0, 5798985.0",43556.5,0.23706253
2024-08-01,"629055.0, 5798985.0",43470.0,0.08594655
2024-08-01,"629085.0, 5798985.0",43386.5,0.030286413
2024-08-01,"629115.0, 5798985.0",43267.0,0.1588964
2024-08-01,"629145.0, 5798985.0",43276.5,0.46726996
2024-08-01,"629175.0, 5798985.0",43000.0,0.33953255
2024-08-01,"629205.0, 5798985.0",42612.0,0.037452377
2024-08-01,"629235.0, 5798985.0",42864.5,0.056280904
2024-08-01,"629265.0, 5798985.0",42957.5,0.2943436
2024-08-01,"629295.0, 5798985.0",43188.0,0.262986
2024-08-01,"629325.0, 5798985.0",43386.5,0.47087407
2024-08-01,"629355.0, 5798985.0",43566.0,0.09052765
2024-08-01,"629385.0, 5798985.0",43749.0,0.1690572
2024-08-01,"628815.0, 5798955.0",44408.5,0.14057939
2024-08-01,"628845.0, 5798955.0",44283.0,0.3631702
2024-08-01,"628875.0, 5798955.0",44141.0,0.5185457
2024-08-01,"628905.0, 5798955.0",44059.0,0.36048537
2024-08-01,"628935.0, 5798955.0",43751.0,0.04104696
2024-08-01,"628965.0, 5798955.0",43681.0,0.31196278
2024-08-01,"628995.0, 5798955.0",43639.0,0.18606539
2024-08-01,"629025.0, 5798955.0",43601.5,0.222912
2024-08-01,"629055.0, 5798955.0",43537.5,0.4196842
2024-08-01,"629085.0, 5798955.0",43458.0,0.32474765
2024-08-01,"629115.0, 5798955.0",43334.0,0.23625717
2024-08-01,"629145.0, 5798955.0",43289.0,0.44031423
2024-08-01,"629175.0, 5798955.0",43015.0,0.25249442
2024-08-01,"629205.0, 5798955.0",42686.5,-0.13209881
2024-08-01,"629235.0, 5798955.0",42937.0,0.020496527
2024-08-01,"629265.0, 5798955.0",43053.5,0.17271417
2024-08-01,"629295.0, 5798955.0",43248.5,0.42780137
2024-08-01,"629325.0, 5798955.0",43416.5,0.05161783
2024-08-01,"629355.0, 5798955.0",43586.0,0.51885957
2024-08-01,"629385.0, 5798955.0",43766.5,0.29283196
2024-08-01,"628815.0, 5798925.0",44550.0,0.15126707
2024-08-01,"628845.0, 5798925.0",44434.5,0.5513016
2024-08-01,"628875.0, 5798925.0",44276.5,0.16330042
2024-08-01,"628905.0, 5798925.0",44167.0,0.23483714
2024-08-01,"628935.0, 5798925.0",43901.5,0.114186436
2024-08-01,"628965.0, 5798925.0",43771.5,0.42193675
2024-08-01,"628995.0, 5798925.0",43688.5,0.23546311
2024-08-01,"629025.0, 5798925.0",43646.0,0.16967157
2024-08-01,"629055.0, 5798925.0",43603.0,0.25096762
2024-08-01,"629085.0, 5798925.0",43549.5,0.15106033
2024-08-01,"629115.0, 5798925.0",43398.5,0.6221347
2024-08-01,"629145.0, 5798925.0",43323.0,0.42576078
2024-08-01,"629175.0, 5798925.0",42890.5,0.29482198
2024-08-01,"629205.0, 5798925.0",42987.5,0.12411183
2024-08-01,"629235.0, 5798925.0",43070.0,0.21928957
2024-08-01,"629265.0, 5798925.0",43176.5,0.19093533
2024-08-01,"629295.0, 5798925.0",43344.5,0.23580492
2024-08-01,"629325.0, 5798925.0",43496.0,0.43798015
2024-08-01,"629355.0, 5798925.0",43665.0,0.098536685
2024-08-01,"629385.0, 5798925.0",43834.0,0.41246453
2024-08-01,"628815.0, 5798895.0",44580.0,0.17852904
2024-08-01,"628845.0, 5798895.0",44473.0,0.39988136
2024-08-01,"628875.0, 5798895.0",44320.5,0.24599697
2024-08-01,"628905.0, 5798895.0",44209.0,0.08771855
2024-08-01,"628935.0, 5798895.0",43922.5,0.102822304
2024-08-01,"628965.0, 5798895.0",43778.0,0.23631655
2024-08-01,"628995.0, 5798895.0",43701.0,0.21197993
2024-08-01,"629025.0, 5798895.0",43700.5,0.3373012
2024-08-01,"629055.0, 5798895.0",43703.0,0.1994938
2024-08-01,"629085.0, 5798895.0",43671.0,0.16763891
2024-08-01,"629115.0, 5798895.0",43511.0,0.44733903
2024-08-01,"629145.0, 5798895.0",43407.0,0.1615645
2024-08-01,"629175.0, 5798895.0",42998.5,0.082577966
2024-08-01,"629205.0, 5798895.0",43120.5,0.04575979
2024-08-01,"629235.0, 5798895.0",43181.0,0.06476084
2024-08-01,"629265.0, 5798895.0",43316.0,0.4093678
2024-08-01,"629295.0, 5798895.0",43459.0,0.04495923
2024-08-01,"629325.0, 5798895.0",43601.5,0.09889163
2024-08-01,"629355.0, 5798895.0",43750.0,0.29000917
2024-08-01,"629385.0, 5798895.0",43916.5,0.29013556
2024-08-01,"628815.0, 5798865.0",44432.5,0.023460807
2024-08-01,"628845.0, 5798865.0",44325.5,0.10909053
2024-08-01,"628875.0, 5798865.0",44216.0,0.20806634
2024-08-01,"628905.0, 5798865.0",44104.0,0.07476155
2024-08-01,"628935.0, 5798865.0",43806.5,0.4587616
2024-08-01,"628965.0, 5798865.0",43700.0,0.34794712
2024-08-01,"628995.0, 5798865.0",43665.5,0.20234394
2024-08-01,"629025.0, 5798865.0",43722.5,0.39027244
2024-08-01,"629055.0, 5798865.0",43824.0,0.19502877
2024-08-01,"629085.0, 5798865.0",43829.5,0.35937363
2024-08-01,"629115.0, 5798865.0",43616.0,0.19501357
2024-08-01,"629145.0, 5798865.0",43292.5,0.30604383
2024-08-01,"629175.0, 5798865.0",43142.5,0.13162376
2024-08-01,"629205.0, 5798865.0",43270.5,0.046425663
2024-08-01,"629235.0, 5798865.0",43364.5,0.029664222
2024-08-01,"629265.0, 5798865.0",43455.0,0.2698245
2024-08-01,"629295.0, 5798865.0",43565.0,0.24073537
2024-08-01,"629325.0, 5798865.0",43703.0,0.20183055
2024-08-01,"629355.0, 5798865.0",43841.0,0.28915465
2024-08-01,"629385.0, 5798865.0",43997.5,0.37220138
2024-08-01,"628815.0, 5798835.0",44346.5,0.28895336
2024-08-01,"628845.0, 5798835.0",44256.5,0.026266372
2024-08-01,"628875.0, 5798835.0",44145.5,0.3494892
2024-08-01,"628905.0, 5798835.0",44026.0,0.032386497
2024-08-01,"628935.0, 5798835.0",43709.5,0.06625122
2024-08-01,"628965.0, 5798835.0",43619.0,0.12374963
2024-08-01,"628995.0, 5798835.0",43609.5,0.19513015
2024-08-01,"629025.0, 5798835.0",43734.5,0.31124598
2024-08-01,"629055.0, 5798835.0",43870.5,0.20551881
2024-08-01,"629085.0, 5798835.0",43877.5,0.21419619
2024-08-01,"629115.0, 5798835.0",43691.5,0.24036027
2024-08-01,"629145.0, 5798835.0",43388.5,0.01993527
2024-08-01,"629175.0, 5798835.0",43319.0,1.0679243e-05
2024-08-01,"629205.0, 5798835.0",43467.0,0.20125067
2024-08-01,"629235.0, 5798835.0",43557.0,0.09755874
2024-08-01,"629265.0, 5798835.0",43611.5,0.25940016
2024-08-01,"629295.0, 5798835.0",43695.5,0.4186221
2024-08-01,"629325.0, 5798835.0",43802.5,0.2964581
2024-08-01,"629355.0, 5798835.0",43927.0,0.29484767
2024-08-01,"629385.0, 5798835.0",44053.5,0.24879797
2024-08-01,"628815.0, 5798805.0",44273.0,0.28203475
2024-08-01,"628845.0, 5798805.0",44191.0,0.32392126
2024-08-01,"628875.0, 5798805.0",44079.5,0.26609915
2024-08-01,"628905.0, 5798805.0",43943.0,0.28863358
2024-08-01,"628935.0, 5798805.0",43590.0,0.19937491
2024-08-01,"628965.0, 5798805.0",43508.5,0.08346617
2024-08-01,"628995.0, 5798805.0",43561.5,0.59036
2024-08-01,"629025.0, 5798805.0",43708.0,0.32184544
2024-08-01,"629055.0, 5798805.0",43793.0,0.02434887
2024-08-01,"629085.0, 5798805.0",43798.5,0.26422957
2024-08-01,"629115.0, 5798805.0",43675.5,0.22946182
2024-08-01,"629145.0, 5798805.0",43431.0,0.029256012
2024-08-01,"629175.0, 5798805.0",43428.0,0.042675253
2024-08-01,"629205.0, 5798805.0",43575.0,0.1234334
2024-08-01,"629235.0, 5798805.0",43650.5,0.08873716
2024-08-01,"629265.0, 5798805.0",43731.0,0.2810761
2024-08-01,"629295.0, 5798805.0",43803.0,0.3467312
2024-08-01,"629325.0, 5798805.0",43906.5,0.33172452
2024-08-01,"629355.0, 5798805.0",44009.5,0.33274156
2024-08-01,"629385.0, 5798805.0",44106.5,0.60007685
2024-08-01,"628815.0, 5798775.0",44213.5,0.57281816
2024-08-01,"628845.0, 5798775.0",44143.0,0.20726179
2024-08-01,"628875.0, 5798775.0",44021.0,0.14667004
2024-08-01,"628905.0, 5798775.0",43626.5,0.3280885
2024-08-01,"628935.0, 5798775.0",43709.0,0.55979836
2024-08-01,"628965.0, 5798775.0",43651.5,0.4477147
2024-08-01,"628995.0, 5798775.0",43556.5,0.034931064
2024-08-01,"629025.0, 5798775.0",43790.5,0.3603661
2024-08-01,"629055.0, 5798775.0",43841.5,0.18738657
2024-08-01,"629085.0, 5798775.0",43902.5,0.50078213
2024-08-01,"629115.0, 5798775.0",43772.5,0.26778835
2024-08-01,"629145.0, 5798775.0",43460.0,0.11861818
2024-08-01,"629175.0, 5798775.0",43496.5,0.038076174
2024-08-01,"629205.0, 5798775.0",43771.5,0.033292387
2024-08-01,"629235.0, 5798775.0",43889.5,0.32105953
2024-08-01,"629265.0, 5798775.0",43999.5,0.31269044
2024-08-01,"629295.0, 5798775.0",43895.0,0.2580377
2024-08-01,"629325.0, 5798775.0",44005.0,0.097627625
2024-08-01,"629355.0, 5798775.0",44083.5,0.30669865
2024-08-01,"629385.0, 5798775.0",44139.5,0.29147214
2024-08-01,"628815.0, 5798745.0",43943.5,0.07132893
2024-08-01,"628845.0, 5798745.0",43967.0,0.13421585
2024-08-01,"628875.0, 5798745.0",43897.5,0.21772215
2024-08-01,"628905.0, 5798745.0",43619.5,0.3587274
2024-08-01,"628935.0, 5798745.0",43575.5,0.3325924
2024-08-01,"628965.0, 5798745.0",43538.5,0.23072007
2024-08-01,"628995.0, 5798745.0",43693.0,0.33456323
2024-08-01,"629025.0, 5798745.0",43737.5,0.1952857
2024-08-01,"629055.0, 5798745.0",43760.5,0.31841037
2024-08-01,"629085.0, 5798745.0",43838.0,0.2827043
2024-08-01,"629115.0, 5798745.0",43753.5,0.35055324
2024-08-01,"629145.0, 5798745.0",43485.5,0.025050027
2024-08-01,"629175.0, 5798745.0",43710.0,-0.015833044
2024-08-01,"629205.0, 5798745.0",43826.5,0.2651159
2024-08-01,"629235.0, 5798745.0",43965.5,0.56403077
2024-08-01,"629265.0, 5798745.0",44095.5,0.05065
2024-08-01,"629295.0, 5798745.0",43984.0,0.088754244
2024-08-01,"629325.0, 5798745.0",44115.0,0.35256943
2024-08-01,"629355.0, 5798745.0",44176.0,0.5944237
2024-08-01,"629385.0, 5798745.0",44196.5,0.35399136
2024-09-01,"628815.0, 5800125.0",18130.0,0.09270106
2024-09-01,"628845.0, 5800125.0",18033.0,0.053800818
2024-09-01,"628875.0, 5800125.0",17962.0,0.08658899
2024-09-01,"628905.0, 5800125.0",17876.0,0.086478055
2024-09-01,"628935.0, 5800125.0",17771.0,0.08143522
2024-09-01,"628965.0, 5800125.0",17656.0,0.063645594
2024-09-01,"628995.0, 5800125.0",17558.0,0.15175419
2024-09-01,"629025.0, 5800125.0",17472.0,0.46116942
2024-09-01,"629055.0, 5800125.0",17352.0,0.2928488
2024-09-01,"629085.0, 5800125.0",17156.0,0.29905343
2024-09-01,"629115.0, 5800125.0",16955.0,0.24378633
2024-09-01,"629145.0, 5800125.0",16838.0,0.15525717
2024-09-01,"629175.0, 5800125.0",16781.0,0.07836605
2024-09-01,"629205.0, 5800125.0",16753.0,0.23141253
2024-09-01,"629235.0, 5800125.0",16745.0,0.37442824
2024-09-01,"629265.0, 5800125.0",16736.0,0.13474172
2024-09-01,"629295.0, 5800125.0",16741.0,0.19496624
2024-09-01,"629325.0, 5800125.0",16741.0,0.32062098
2024-09-01,"629355.0, 5800125.0",16705.0,0.13246956
2024-09-01,"629385.0, 5800125.0",16576.0,0.3894373
2024-09-01,"628815.0, 5800095.0",17922.0,0.07699085
2024-09-01,"628845.0, 5800095.0",17863.0,0.13567533
2024-09-01,"628875.0, 5800095.0",17825.0,0.119539425
2024-09-01,"628905.0, 5800095.0",17766.0,0.062685564
2024-09-01,"628935.0, 5800095.0",17670.0,0.04373382
2024-09-01,"628965.0, 5800095.0",17564.0,0.103400804
2024-09-01,"628995.0, 5800095.0",17461.0,0.16594295
2024-09-01,"629025.0, 5800095.0",17358.0,0.18968599
2024-09-01,"629055.0, 5800095.0",17223.0,0.18223125
2024-09-01,"629085.0, 5800095.0",17034.0,0.31197375
2024-09-01,"629115.0, 5800095.0",16867.0,0.14825958
2024-09-01,"629145.0, 5800095.0",16782.0,0.020198528
2024-09-01,"629175.0, 5800095.0",16754.0,0.41527995
2024-09-01,"629205.0, 5800095.0",16745.0,0.17227599
2024-09-01,"629235.0, 5800095.0",16743.0,0.54178226
2024-09-01,"629265.0, 5800095.0",16756.0,0.31340364
2024-09-01,"629295.0, 5800095.0",16783.0,0.17869164
2024-09-01,"629325.0, 5800095.0",16802.0,0.2869314
2024-09-01,"629355.0, 5800095.0",16779.0,0.28220078
2024-09-01,"629385.0, 5800095.0",16663.0,0.39037472
2024-09-01,"628815.0, 5800065.0",17724.0,0.18740553
2024-09-01,"628845.0, 5800065.0",17677.0,0.5841288
2024-09-01,"628875.0, 5800065.0",17656.0,0.016149523
2024-09-01,"628905.0, 5800065.0",17610.0,0.11781264
2024-09-01,"628935.0, 5800065.0",17512.0,0.08292675
2024-09-01,"628965.0, 5800065.0",17401.0,0.10002457
2024-09-01,"628995.0, 5800065.0",17297.0,0.20009503
2024-09-01,"629025.0, 5800065.0",17197.0,0.28855103
2024-09-01,"629055.0, 5800065.0",17087.0,0.07152546
2024-09-01,"629085.0, 5800065.0",16906.0,0.26700643
2024-09-01,"629115.0, 5800065.0",16791.0,0.36118934
2024-09-01,"629145.0, 5800065.0",16737.0,0.27197585
2024-09-01,"629175.0, 5800065.0",16722.0,0.43136552
2024-09-01,"629205.0, 5800065.0",16727.0,0.4831189
2024-09-01,"629235.0, 5800065.0",16729.0,0.046217978
2024-09-01,"629265.0, 5800065.0",16747.0,0.17952208
2024-09-01,"629295.0, 5800065.0",16783.0,0.04240818
2024-09-01,"629325.0, 5800065.0",16806.0,0.42311546
2024-09-01,"629355.0, 5800065.0",16779.0,0.32901424
2024-09-01,"629385.0, 5800065.0",16663.0,0.22855839
2024-09-01,"628815.0, 5800035.0",17531.0,0.16198595
2024-09-01,"628845.0, 5800035.0",17502.0,0.35388666
2024-09-01,"628875.0, 5800035.0",17489.0,0.06988474
2024-09-01,"628905.0, 5800035.0",17435.0,0.13192536
2024-09-01,"628935.0, 5800035.0",17323.0,0.08573536
2024-09-01,"628965.0, 5800035.0",17188.0,0.014925455
2024-09-01,"628995.0, 5800035.0",17083.0,0.13216288
2024-09-01,"629025.0, 5800035.0",17008.0,0.13223651
2024-09-01,"629055.0, 5800035.0",16932.0,0.30707335
2024-09-01,"629085.0, 5800035.0",16847.0,0.3368557
2024-09-01,"629115.0, 5800035.0",16778.0,0.2552673
2024-09-01,"629145.0, 5800035.0",16733.0,0.021693364
2024-09-01,"629175.0, 5800035.0",16740.0,0.33625656
2024-09-01,"629205.0, 5800035.0",16749.0,0.02628497
2024-09-01,"629235.0, 5800035.0",16734.0,0.40067762
2024-09-01,"629265.0, 5800035.0",16743.0,0.23689768
2024-09-01,"629295.0, 5800035.0",16765.0,0.14174245
2024-09-01,"629325.0, 5800035.0",16779.0,0.1450987
2024-09-01,"629355.0, 5800035.0",16734.0,0.11609541
2024-09-01,"629385.0, 5800035.0",16612.0,0.42481604
2024-09-01,"628815.0, 5800005.0",17344.0,0.36760274
2024-09-01,"628845.0, 5800005.0",17328.0,0.061735436
2024-09-01,"628875.0, 5800005.0",17320.0,0.037268896
2024-09-01,"628905.0, 5800005.0",17258.0,0.2584209
2024-09-01,"628935.0, 5800005.0",17109.0,0.15800552
2024-09-01,"628965.0, 5800005.0",16946.0,0.07505433
2024-09-01,"628995.0, 5800005.0",16843.0,0.14777349
2024-09-01,"629025.0, 5800005.0",16825.0,0.08919825
2024-09-01,"629055.0, 5800005.0",16816.0,0.075312026
2024-09-01,"629085.0, 5800005.0",16802.0,0.31728572
2024-09-01,"629115.0, 5800005.0",16791.0,0.108242646
2024-09-01,"629145.0, 5800005.0",16797.0,0.17719205
2024-09-01,"629175.0, 5800005.0",16806.0,0.46023077
2024-09-01,"629205.0, 5800005.0",16811.0,0.15203097
2024-09-01,"629235.0, 5800005.0",16784.0,0.3400576
2024-09-01,"629265.0, 5800005.0",16761.0,0.22122651
2024-09-01,"629295.0, 5800005.0",16752.0,0.19311544
2024-09-01,"629325.0, 5800005.0",16752.0,0.2465431
2024-09-01,"629355.0, 5800005.0",16675.0,0.15662134
2024-09-01,"629385.0, 5800005.0",16537.0,0.32260135
2024-09-01,"628815.0, 5799975.0",17167.0,0.040396333
2024-09-01,"628845.0, 5799975.0",17153.0,0.18294978
2024-09-01,"628875.0, 5799975.0",17135.0,0.06596379
2024-09-01,"628905.0, 5799975.0",17046.0,0.13276368
2024-09-01,"628935.0, 5799975.0",16848.0,0.24568486
2024-09-01,"628965.0, 5799975.0",16676.0,0.0671117
2024-09-01,"628995.0, 5799975.0",16621.0,0.12000422
2024-09-01,"629025.0, 5799975.0",16662.0,0.08512261
2024-09-01,"629055.0, 5799975.0",16706.0,0.051026158
2024-09-01,"629085.0, 5799975.0",16742.0,0.073964156
2024-09-01,"629115.0, 5799975.0",16784.0,0.19572154
2024-09-01,"629145.0, 5799975.0",16829.0,0.35692805
2024-09-01,"629175.0, 5799975.0",16864.0,0.15930752
2024-09-01,"629205.0, 5799975.0",16869.0,0.24011627
2024-09-01,"629235.0, 5799975.0",16838.0,0.41070488
2024-09-01,"629265.0, 5799975.0",16788.0,0.4131915
2024-09-01,"629295.0, 5799975.0",16743.0,0.39275524
2024-09-01,"629325.0, 5799975.0",16698.0,0.261397
2024-09-01,"629355.0, 5799975.0",16589.0,0.09859788
2024-09-01,"629385.0, 5799975.0",16454.0,0.04863806
2024-09-01,"628815.0, 5799945.0",17000.0,0.12669924
2024-09-01,"628845.0, 5799945.0",16979.0,0.21345453
2024-09-01,"628875.0, 5799945.0",16943.0,0.040137537
2024-09-01,"628905.0, 5799945.0",16817.0,0.28163633
2024-09-01,"628935.0, 5799945.0",16598.0,0.08247991
2024-09-01,"628965.0, 5799945.0",16417.0,0.425279
2024-09-01,"628995.0, 5799945.0",16417.0,0.1583685
2024-09-01,"629025.0, 5799945.0",16514.0,0.2616297
2024-09-01,"629055.0, 5799945.0",16592.0,0.16599272
2024-09-01,"629085.0, 5799945.0",16656.0,0.06612053
2024-09-01,"629115.0, 5799945.0",16721.0,0.10084798
2024-09-01,"629145.0, 5799945.0",16788.0,0.212011
2024-09-01,"629175.0, 5799945.0",16842.0,0.18121533
2024-09-01,"629205.0, 5799945.0",16869.0,0.049472988
2024-09-01,"629235.0, 5799945.0",16838.0,0.025101628
2024-09-01,"629265.0, 5799945.0",16770.0,0.21294793
2024-09-01,"629295.0, 5799945.0",16693.0,0.29902557
2024-09-01,"629325.0, 5799945.0",16602.0,0.15915132
2024-09-01,"629355.0, 5799945.0",16469.0,0.02210432
2024-09-01,"629385.0, 5799945.0",16334.0,0.023089968
2024-09-01,"628815.0, 5799915.0",16849.0,0.13111101
2024-09-01,"628845.0, 5799915.0",16817.0,0.02920691
2024-09-01,"628875.0, 5799915.0",16758.0,0.23739235
2024-09-01,"628905.0, 5799915.0",16574.0,0.06896548
2024-09-01,"628935.0, 5799915.0",16323.0,0.31995317
2024-09-01,"628965.0, 5799915.0",16163.0,0.06497047
2024-09-01,"628995.0, 5799915.0",16201.0,0.18817031
2024-09-01,"629025.0, 5799915.0",16314.0,0.25120506
2024-09-01,"629055.0, 5799915.0",16450.0,0.08114835
2024-09-01,"629085.0, 5799915.0",16533.0,0.19619077
2024-09-01,"629115.0, 5799915.0",16613.0,0.16418508
2024-09-01,"629145.0, 5799915.0",16676.0,0.11669945
2024-09-01,"629175.0, 5799915.0",16739.0,0.2599812
2024-09-01,"629205.0, 5799915.0",16784.0,0.23880666
2024-09-01,"629235.0, 5799915.0",16766.0,0.20909306
2024-09-01,"629265.0, 5799915.0",16698.0,0.39729163
2024-09-01,"629295.0, 5799915.0",16611.0,0.35287043
2024-09-01,"629325.0, 5799915.0",16497.0,0.18962014
2024-09-01,"629355.0, 5799915.0",16349.0,0.062113777
2024-09-01,"629385.0, 5799915.0",16212.0,0.15680759
2024-09-01,"628815.0, 5799885.0",16695.0,0.17611842
2024-09-01,"628845.0, 5799885.0",16666.0,0.3450424
2024-09-01,"628875.0, 5799885.0",16580.0,0.13027288
2024-09-01,"628905.0, 5799885.0",16322.0,0.32213748
2024-09-01,"628935.0, 5799885.0",16032.0,0.11276039
2024-09-01,"628965.0, 5799885.0",15909.0,0.21550164
2024-09-01,"628995.0, 5799885.0",16008.0,0.1647785
2024-09-01,"629025.0, 5799885.0",16155.0,0.09421657
2024-09-01,"629055.0, 5799885.0",16298.0,0.11872713
2024-09-01,"629085.0, 5799885.0",16395.0,0.19185142
2024-09-01,"629115.0, 5799885.0",16475.0,0.046337917
2024-09-01,"629145.0, 5799885.0",16548.0,0.032120153
2024-09-01,"629175.0, 5799885.0",16608.0,0.07896142
2024-09-01,"629205.0, 5799885.0",16653.0,0.10018277
2024-09-01,"629235.0, 5799885.0",16653.0,0.35362765
2024-09-01,"629265.0, 5799885.0",16582.0,0.28916317
2024-09-01,"629295.0, 5799885.0",16494.0,0.4117185
2024-09-01,"629325.0, 5799885.0",16378.0,0.35944092
2024-09-01,"629355.0, 5799885.0",16232.0,0.13023233
2024-09-01,"629385.0, 5799885.0",16114.0,0.21950501
2024-09-01,"628815.0, 5799855.0",16521.0,0.047111537
2024-09-01,"628845.0, 5799855.0",16475.0,0.071059264
2024-09-01,"628875.0, 5799855.0",16337.0,0.083466806
2024-09-01,"628905.0, 5799855.0",16004.0,0.028720865
2024-09-01,"628935.0, 5799855.0",15687.0,0.3058087
2024-09-01,"628965.0, 5799855.0",15629.0,0.2643139
2024-09-01,"628995.0, 5799855.0",15779.0,0.3681728
2024-09-01,"629025.0, 5799855.0",15942.0,0.2578582
2024-09-01,"629055.0, 5799855.0",16097.0,0.35322756
2024-09-01,"629085.0, 5799855.0",16228.0,0.1765302
2024-09-01,"629115.0, 5799855.0",16327.0,0.023055213
2024-09-01,"629145.0, 5799855.0",16410.0,0.057492107
2024-09-01,"629175.0, 5799855.0",16471.0,0.040674698
2024-09-01,"629205.0, 5799855.0",16503.0,0.090715714
2024-09-01,"629235.0, 5799855.0",16508.0,0.014134
2024-09-01,"629265.0, 5799855.0",16457.0,0.023601145
2024-09-01,"629295.0, 5799855.0",16368.0,0.45767677
2024-09-01,"629325.0, 5799855.0",16261.0,0.12579454
2024-09-01,"629355.0, 5799855.0",16138.0,0.4233717
2024-09-01,"629385.0, 5799855.0",16024.0,0.06866836
2024-09-01,"628815.0, 5799825.0",16279.0,0.03547759
2024-09-01,"628845.0, 5799825.0",16211.0,0.2234181
2024-09-01,"628875.0, 5799825.0",16027.0,0.30671543
2024-09-01,"628905.0, 5799825.0",15667.0,0.13613859
2024-09-01,"628935.0, 5799825.0",15357.0,0.18658029
2024-09-01,"628965.0, 5799825.0",15387.0,0.12534814
2024-09-01,"628995.0, 5799825.0",15555.0,0.32022536
2024-09-01,"629025.0, 5799825.0",15716.0,0.35459575
2024-09-01,"629055.0, 5799825.0",15874.0,0.26554573
2024-09-01,"629085.0, 5799825.0",16017.0,0.23496823
2024-09-01,"629115.0, 5799825.0",16160.0,0.15017194
2024-09-01,"629145.0, 5799825.0",16267.0,0.018023236
2024-09-01,"629175.0, 5799825.0",16342.0,0.26224425
2024-09-01,"629205.0, 5799825.0",16375.0,0.16534191
2024-09-01,"629235.0, 5799825.0",16379.0,0.15051423
2024-09-01,"629265.0, 5799825.0",16336.0,0.1265119
2024-09-01,"629295.0, 5799825.0",16279.0,0.041661996
2024-09-01,"629325.0, 5799825.0",16190.0,0.16273145
2024-09-01,"629355.0, 5799825.0",16066.0,0.10825971
2024-09-01,"629385.0, 5799825.0",15942.0,0.18347771
2024-09-01,"628815.0, 5799795.0",15971.0,0.30073237
2024-09-01,"628845.0, 5799795.0",15850.0,0.38444763
2024-09-01,"628875.0, 5799795.0",15647.0,0.28612712
2024-09-01,"628905.0, 5799795.0",15337.0,0.26595113
2024-09-01,"628935.0, 5799795.0",15101.0,0.13898085
2024-09-01,"628965.0, 5799795.0",15162.0,0.3061111
2024-09-01,"628995.0, 5799795.0",15327.0,0.030794509
2024-09-01,"629025.0, 5799795.0",15506.0,0.13456838
2024-09-01,"629055.0, 5799795.0",15676.0,0.2453609
2024-09-01,"629085.0, 5799795.0",15845.0,0.2981092
2024-09-01,"629115.0, 5799795.0",15980.0,0.1651544
2024-09-01,"629145.0, 5799795.0",16122.0,0.025863148
2024-09-01,"629175.0, 5799795.0",16213.0,0.14278498
2024-09-01,"629205.0, 5799795.0",16245.0,0.35931024
2024-09-01,"629235.0, 5799795.0",16254.0,0.12053057
2024-09-01,"629265.0, 5799795.0",16227.0,0.03939726
2024-09-01,"629295.0, 5799795.0",16199.0,0.09212512
2024-09-01,"629325.0, 5799795.0",16137.0,0.037960343
2024-09-01,"629355.0, 5799795.0",16028.0,0.12374302
2024-09-01,"629385.0, 5799795.0",15885.0,0.012539104
2024-09-01,"628815.0, 5799765.0",15630.0,0.30607864
2024-09-01,"628845.0, 5799765.0",15444.0,0.3604651
2024-09-01,"628875.0, 5799765.0",15270.0,0.3741028
2024-09-01,"628905.0, 5799765.0",15127.0,0.3642998
2024-09-01,"628935.0, 5799765.0",14913.0,0.15639052
2024-09-01,"628965.0, 5799765.0",14939.0,0.42841822
2024-09-01,"628995.0, 5799765.0",15132.0,0.34501153
2024-09-01,"629025.0, 5799765.0",15348.0,0.39186582
2024-09-01,"629055.0, 5799765.0",15535.0,0.3081529
2024-09-01,"629085.0, 5799765.0",15740.0,0.08498692
2024-09-01,"629115.0, 5799765.0",15915.0,0.07458353
2024-09-01,"629145.0, 5799765.0",16039.0,0.16547395
2024-09-01,"629175.0, 5799765.0",16081.0,0.039728694
2024-09-01,"629205.0, 5799765.0",16137.0,0.2611603
2024-09-01,"629235.0, 5799765.0",16147.0,0.24265184
2024-09-01,"629265.0, 5799765.0",16145.0,0.16313852
2024-09-01,"629295.0, 5799765.0",16155.0,0.053520497
2024-09-01,"629325.0, 5799765.0",16126.0,0.089786336
2024-09-01,"629355.0, 5799765.0",16046.0,0.08046578
2024-09-01,"629385.0, 5799765.0",15898.0,0.07276581
2024-09-01,"628815.0, 5799735.0",15302.0,0.40728825
2024-09-01,"628845.0, 5799735.0",15087.0,0.18742317
2024-09-01,"628875.0, 5799735.0",14892.0,0.3944077
2024-09-01,"628905.0, 5799735.0",14779.0,0.13972938
2024-09-01,"628935.0, 5799735.0",14711.0,0.07858385
2024-09-01,"628965.0, 5799735.0",14769.0,0.035233196
2024-09-01,"628995.0, 5799735.0",14949.0,0.39594898
2024-09-01,"629025.0, 5799735.0",15223.0,0.26369026
2024-09-01,"629055.0, 5799735.0",15446.0,0.08675175
2024-09-01,"629085.0, 5799735.0",15696.0,0.069259435
2024-09-01,"629115.0, 5799735.0",15896.0,0.3162952
2024-09-01,"629145.0, 5799735.0",16006.0,0.4811399
2024-09-01,"629175.0, 5799735.0",16043.0,0.5094788
2024-09-01,"629205.0, 5799735.0",16048.0,0.23163575
2024-09-01,"629235.0, 5799735.0",16062.0,0.35876045
2024-09-01,"629265.0, 5799735.0",16079.0,0.22327267
2024-09-01,"629295.0, 5799735.0",16098.0,0.0733733
2024-09-01,"629325.0, 5799735.0",16112.0,0.05711796
2024-09-01,"629355.0, 5799735.0",16079.0,0.058222454
2024-09-01,"629385.0, 5799735.0",15961.0,0.054782197
2024-09-01,"628815.0, 5799705.0",15018.0,0.40811637
2024-09-01,"628845.0, 5799705.0",14803.0,0.3093004
2024-09-01,"628875.0, 5799705.0",14630.0,0.10667402
2024-09-01,"628905.0, 5799705.0",14564.0,0.2905837
2024-09-01,"628935.0, 5799705.0",14580.0,0.51051414
2024-09-01,"628965.0, 5799705.0",14716.0,0.3424372
2024-09-01,"628995.0, 5799705.0",14923.0,0.22791846
2024-09-01,"629025.0, 5799705.0",15162.0,0.06315544
2024-09-01,"629055.0, 5799705.0",15416.0,0.33578148
2024-09-01,"629085.0, 5799705.0",15710.0,0.56715614
2024-09-01,"629115.0, 5799705.0",15929.0,0.39541522
2024-09-01,"629145.0, 5799705.0",16020.0,0.06905639
2024-09-01,"629175.0, 5799705.0",16024.0,0.19369479
2024-09-01,"629205.0, 5799705.0",16001.0,0.22744156
2024-09-01,"629235.0, 5799705.0",16005.0,0.23730952
2024-09-01,"629265.0, 5799705.0",16036.0,0.29826003
2024-09-01,"629295.0, 5799705.0",16084.0,0.12308335
2024-09-01,"629325.0, 5799705.0",16112.0,0.043683313
2024-09-01,"629355.0, 5799705.0",16107.0,0.05231287
2024-09-01,"629385.0, 5799705.0",16013.0,0.021187859
2024-09-01,"628815.0, 5799675.0",14774.0,0.2289214
2024-09-01,"628845.0, 5799675.0",14577.0,0.092908934
2024-09-01,"628875.0, 5799675.0",14427.0,0.3255313
2024-09-01,"628905.0, 5799675.0",14405.0,0.26488012
2024-09-01,"628935.0, 5799675.0",14495.0,0.26251242
2024-09-01,"628965.0, 5799675.0",14685.0,0.42853716
2024-09-01,"628995.0, 5799675.0",14923.0,0.12368969
2024-09-01,"629025.0, 5799675.0",15162.0,0.18022256
2024-09-01,"629055.0, 5799675.0",15456.0,0.19295351
2024-09-01,"629085.0, 5799675.0",15778.0,0.32913506
2024-09-01,"629115.0, 5799675.0",15991.0,0.22615105
2024-09-01,"629145.0, 5799675.0",16039.0,0.17494689
2024-09-01,"629175.0, 5799675.0",16005.0,0.358831
2024-09-01,"629205.0, 5799675.0",15967.0,0.25665882
2024-09-01,"629235.0, 5799675.0",15963.0,0.29659197
2024-09-01,"629265.0, 5799675.0",16003.0,0.3093056
2024-09-01,"629295.0, 5799675.0",16065.0,0.29898787
2024-09-01,"629325.0, 5799675.0",16098.0,0.09692804
2024-09-01,"629355.0, 5799675.0",16065.0,0.102500714
2024-09-01,"629385.0, 5799675.0",15975.0,0.045829963
2024-09-01,"628815.0, 5799645.0",14579.0,0.24014537
2024-09-01,"628845.0, 5799645.0",14417.0,0.33574864
2024-09-01,"628875.0, 5799645.0",14298.0,0.10009613
2024-09-01,"628905.0, 5799645.0",14319.0,0.33179387
2024-09-01,"628935.0, 5799645.0",14469.0,0.52714133
2024-09-01,"628965.0, 5799645.0",14706.0,0.19047615
2024-09-01,"628995.0, 5799645.0",14974.0,0.116679706
2024-09-01,"629025.0, 5799645.0",15238.0,0.17037977
2024-09-01,"629055.0, 5799645.0",15569.0,0.36857954
2024-09-01,"629085.0, 5799645.0",15884.0,0.5806328
2024-09-01,"629115.0, 5799645.0",16053.0,0.38325438
2024-09-01,"629145.0, 5799645.0",16053.0,0.35837272
2024-09-01,"629175.0, 5799645.0",15986.0,0.023540754
2024-09-01,"629205.0, 5799645.0",15934.0,0.513868
2024-09-01,"629235.0, 5799645.0",15934.0,0.34206823
2024-09-01,"629265.0, 5799645.0",15974.0,0.32894146
2024-09-01,"629295.0, 5799645.0",16031.0,0.1628121
2024-09-01,"629325.0, 5799645.0",16046.0,0.017796362
2024-09-01,"629355.0, 5799645.0",15998.0,0.034543958
2024-09-01,"629385.0, 5799645.0",15917.0,0.021976324
2024-09-01,"628815.0, 5799615.0",14408.0,0.30527577
2024-09-01,"628845.0, 5799615.0",14298.0,0.3552449
2024-09-01,"628875.0, 5799615.0",14243.0,0.019042607
2024-09-01,"628905.0, 5799615.0",14329.0,0.24420607
2024-09-01,"628935.0, 5799615.0",14516.0,0.25769898
2024-09-01,"628965.0, 5799615.0",14779.0,0.15386139
2024-09-01,"628995.0, 5799615.0",15061.0,0.37057835
2024-09-01,"629025.0, 5799615.0",15362.0,0.34178728
2024-09-01,"629055.0, 5799615.0",15720.0,0.08138031
2024-09-01,"629085.0, 5799615.0",16012.0,0.19431831
2024-09-01,"629115.0, 5799615.0",16104.0,0.26014566
2024-09-01,"629145.0, 5799615.0",16062.0,0.19242014
2024-09-01,"629175.0, 5799615.0",15977.0,0.41021478
2024-09-01,"629205.0, 5799615.0",15915.0,0.4135084
2024-09-01,"629235.0, 5799615.0",15910.0,0.2553886
2024-09-01,"629265.0, 5799615.0",15931.0,0.17900056
2024-09-01,"629295.0, 5799615.0",15969.0,0.04516463
2024-09-01,"629325.0, 5799615.0",15969.0,0.3596867
2024-09-01,"629355.0, 5799615.0",15931.0,0.023160303
2024-09-01,"629385.0, 5799615.0",15874.0,0.014763843
2024-09-01,"628815.0, 5799585.0",14299.0,0.2593646
2024-09-01,"628845.0, 5799585.0",14265.0,0.27114376
2024-09-01,"628875.0, 5799585.0",14292.0,0.07060982
2024-09-01,"628905.0, 5799585.0",14431.0,0.31217724
2024-09-01,"628935.0, 5799585.0",14632.0,0.49872136
2024-09-01,"628965.0, 5799585.0",14887.0,0.3830421
2024-09-01,"628995.0, 5799585.0",15157.0,0.34907743
2024-09-01,"629025.0, 5799585.0",15495.0,0.23794624
2024-09-01,"629055.0, 5799585.0",15869.0,0.38977718
2024-09-01,"629085.0, 5799585.0",16130.0,0.36030608
2024-09-01,"629115.0, 5799585.0",16137.0,0.56693995
2024-09-01,"629145.0, 5799585.0",16067.0,0.18133423
2024-09-01,"629175.0, 5799585.0",15977.0,0.4167634
2024-09-01,"629205.0, 5799585.0",15905.0,0.22799623
2024-09-01,"629235.0, 5799585.0",15857.0,0.23754022
2024-09-01,"629265.0, 5799585.0",15825.0,0.30592173
2024-09-01,"629295.0, 5799585.0",15844.0,0.370957
2024-09-01,"629325.0, 5799585.0",15883.0,0.32382438
2024-09-01,"629355.0, 5799585.0",15893.0,0.04013889
2024-09-01,"629385.0, 5799585.0",15874.0,0.006008286
2024-09-01,"628815.0, 5799555.0",14321.0,0.35745353
2024-09-01,"628845.0, 5799555.0",14352.0,0.4032712
2024-09-01,"628875.0, 5799555.0",14432.0,0.3842139
2024-09-01,"628905.0, 5799555.0",14566.0,0.40932104
2024-09-01,"628935.0, 5799555.0",14778.0,0.53129697
2024-09-01,"628965.0, 5799555.0",14987.0,0.23847225
2024-09-01,"628995.0, 5799555.0",15242.0,0.21125846
2024-09-01,"629025.0, 5799555.0",15590.0,0.08031805
2024-09-01,"629055.0, 5799555.0",15959.0,0.37528682
2024-09-01,"629085.0, 5799555.0",16190.0,0.5423539
2024-09-01,"629115.0, 5799555.0",16171.0,0.19460115
2024-09-01,"629145.0, 5799555.0",16072.0,0.23234722
2024-09-01,"629175.0, 5799555.0",15973.0,0.22819306
2024-09-01,"629205.0, 5799555.0",15888.0,0.5688231
2024-09-01,"629235.0, 5799555.0",15796.0,0.2584107
2024-09-01,"629265.0, 5799555.0",15722.0,0.30126604
2024-09-01,"629295.0, 5799555.0",15727.0,0.37533358
2024-09-01,"629325.0, 5799555.0",15804.0,0.24541032
2024-09-01,"629355.0, 5799555.0",15877.0,0.106570505
2024-09-01,"629385.0, 5799555.0",15889.0,0.059553865
2024-09-01,"628815.0, 5799525.0",14522.0,0.36154065
2024-09-01,"628845.0, 5799525.0",14551.0,0.03316831
2024-09-01,"628875.0, 5799525.0",14641.0,0.1720239
2024-09-01,"628905.0, 5799525.0",14772.0,0.37042215
2024-09-01,"628935.0, 5799525.0",14925.0,0.24817526
2024-09-01,"628965.0, 5799525.0",15125.0,0.396884
2024-09-01,"628995.0, 5799525.0",15367.0,0.49276596
2024-09-01,"629025.0, 5799525.0",15707.0,0.08609309
2024-09-01,"629055.0, 5799525.0",16044.0,0.25389445
2024-09-01,"629085.0, 5799525.0",16241.0,0.17314896
2024-09-01,"629115.0, 5799525.0",16218.0,0.30671772
2024-09-01,"629145.0, 5799525.0",16096.0,0.091306604
2024-09-01,"629175.0, 5799525.0",15973.0,0.24295293
2024-09-01,"629205.0, 5799525.0",15888.0,0.42524883
2024-09-01,"629235.0, 5799525.0",15777.0,0.39415047
2024-09-01,"629265.0, 5799525.0",15663.0,0.4774415
2024-09-01,"629295.0, 5799525.0",15673.0,0.38634124
2024-09-01,"629325.0, 5799525.0",15775.0,0.32887283
2024-09-01,"629355.0, 5799525.0",15886.0,0.38502753
2024-09-01,"629385.0, 5799525.0",15966.0,-0.048100166
2024-09-01,"628815.0, 5799495.0",14821.0,0.56625414
2024-09-01,"628845.0, 5799495.0",14850.0,0.13414016
2024-09-01,"628875.0, 5799495.0",14917.0,0.3931874
2024-09-01,"628905.0, 5799495.0",15010.0,0.3626266
2024-09-01,"628935.0, 5799495.0",15125.0,0.24275143
2024-09-01,"628965.0, 5799495.0",15282.0,0.1484227
2024-09-01,"628995.0, 5799495.0",15521.0,0.34922305
2024-09-01,"629025.0, 5799495.0",15857.0,0.22416335
2024-09-01,"629055.0, 5799495.0",16157.0,0.43301532
2024-09-01,"629085.0, 5799495.0",16302.0,0.33983827
2024-09-01,"629115.0, 5799495.0",16242.0,0.18607081
2024-09-01,"629145.0, 5799495.0",16096.0,0.37053353
2024-09-01,"629175.0, 5799495.0",15977.0,0.33999738
2024-09-01,"629205.0, 5799495.0",15921.0,0.082662694
2024-09-01,"629235.0, 5799495.0",15844.0,0.034871094
2024-09-01,"629265.0, 5799495.0",15770.0,0.43550715
2024-09-01,"629295.0, 5799495.0",15761.0,0.33812827
2024-09-01,"629325.0, 5799495.0",15833.0,0.2374595
2024-09-01,"629355.0, 5799495.0",15958.0,0.1522265
2024-09-01,"629385.0, 5799495.0",16062.0,0.06249056
2024-09-01,"628815.0, 5799465.0",15113.0,0.20872928
2024-09-01,"628845.0, 5799465.0",15157.0,0.2927933
2024-09-01,"628875.0, 5799465.0",15217.0,0.21673687
2024-09-01,"628905.0, 5799465.0",15293.0,0.20892473
2024-09-01,"628935.0, 5799465.0",15377.0,0.34886673
2024-09-01,"628965.0, 5799465.0",15491.0,0.13303694
2024-09-01,"628995.0, 5799465.0",15746.0,0.141181
2024-09-01,"629025.0, 5799465.0",16072.0,0.24220629
2024-09-01,"629055.0, 5799465.0",16311.0,0.33364198
2024-09-01,"629085.0, 5799465.0",16362.0,0.2190909
2024-09-01,"629115.0, 5799465.0",16260.0,0.26917303
2024-09-01,"629145.0, 5799465.0",16105.0,0.10905297
2024-09-01,"629175.0, 5799465.0",16020.0,0.5329425
2024-09-01,"629205.0, 5799465.0",16002.0,0.3299545
2024-09-01,"629235.0, 5799465.0",15973.0,0.37768134
2024-09-01,"629265.0, 5799465.0",15939.0,0.42403603
2024-09-01,"629295.0, 5799465.0",15939.0,0.05073422
2024-09-01,"629325.0, 5799465.0",15986.0,0.0356672
2024-09-01,"629355.0, 5799465.0",16077.0,0.055424947
2024-09-01,"629385.0, 5799465.0",16185.0,0.12461792
2024-09-01,"628815.0, 5799435.0",15295.0,0.34296483
2024-09-01,"628845.0, 5799435.0",15367.0,0.20258462
2024-09-01,"628875.0, 5799435.0",15446.0,0.38982946
2024-09-01,"628905.0, 5799435.0",15525.0,0.2995385
2024-09-01,"628935.0, 5799435.0",15605.0,0.50091636
2024-09-01,"628965.0, 5799435.0",15712.0,0.17204659
2024-09-01,"628995.0, 5799435.0",15980.0,0.16157162
2024-09-01,"629025.0, 5799435.0",16308.0,0.40586388
2024-09-01,"629055.0, 5799435.0",16494.0,0.317106
2024-09-01,"629085.0, 5799435.0",16435.0,0.4859221
2024-09-01,"629115.0, 5799435.0",16343.0,0.021645308
2024-09-01,"629145.0, 5799435.0",16213.0,0.097128
2024-09-01,"629175.0, 5799435.0",16134.0,0.4148131
2024-09-01,"629205.0, 5799435.0",16094.0,0.1730061
2024-09-01,"629235.0, 5799435.0",16089.0,0.3182103
2024-09-01,"629265.0, 5799435.0",16101.0,0.258928
2024-09-01,"629295.0, 5799435.0",16110.0,0.34102145
2024-09-01,"629325.0, 5799435.0",16143.0,0.40854526
2024-09-01,"629355.0, 5799435.0",16199.0,0.30771664
2024-09-01,"629385.0, 5799435.0",16283.0,0.09232293
2024-09-01,"628815.0, 5799405.0",15405.0,0.14920244
2024-09-01,"628845.0, 5799405.0",15456.0,0.17020558
2024-09-01,"628875.0, 5799405.0",15540.0,0.14356786
2024-09-01,"628905.0, 5799405.0",15633.0,0.3451791
2024-09-01,"628935.0, 5799405.0",15726.0,0.32659492
2024-09-01,"628965.0, 5799405.0",15856.0,0.20009317
2024-09-01,"628995.0, 5799405.0",16136.0,0.3643157
2024-09-01,"629025.0, 5799405.0",16433.0,0.20181635
2024-09-01,"629055.0, 5799405.0",16599.0,0.31464913
2024-09-01,"629085.0, 5799405.0",16594.0,0.13730763
2024-09-01,"629115.0, 5799405.0",16508.0,0.5082619
2024-09-01,"629145.0, 5799405.0",16384.0,0.020180177
2024-09-01,"629175.0, 5799405.0",16278.0,0.41433522
2024-09-01,"629205.0, 5799405.0",16183.0,0.31647897
2024-09-01,"629235.0, 5799405.0",16136.0,0.45195472
2024-09-01,"629265.0, 5799405.0",16138.0,0.31609502
2024-09-01,"629295.0, 5799405.0",16166.0,0.34208864
2024-09-01,"629325.0, 5799405.0",16204.0,0.040077236
2024-09-01,"629355.0, 5799405.0",16250.0,0.27584362
2024-09-01,"629385.0, 5799405.0",16320.0,0.04767519
2024-09-01,"628815.0, 5799375.0",15419.0,0.31926912
2024-09-01,"628845.0, 5799375.0",15456.0,0.34433508
2024-09-01,"628875.0, 5799375.0",15530.0,0.39759365
2024-09-01,"628905.0, 5799375.0",15637.0,0.32017437
2024-09-01,"628935.0, 5799375.0",15750.0,0.38160226
2024-09-01,"628965.0, 5799375.0",15923.0,0.36850107
2024-09-01,"628995.0, 5799375.0",16197.0,0.37584323
2024-09-01,"629025.0, 5799375.0",16469.0,0.021040384
2024-09-01,"629055.0, 5799375.0",16617.0,0.17751993
2024-09-01,"629085.0, 5799375.0",16648.0,0.1734199
2024-09-01,"629115.0, 5799375.0",16603.0,0.17896143
2024-09-01,"629145.0, 5799375.0",16503.0,0.12606142
2024-09-01,"629175.0, 5799375.0",16366.0,0.26988688
2024-09-01,"629205.0, 5799375.0",16211.0,0.074828476
2024-09-01,"629235.0, 5799375.0",16122.0,0.50922
2024-09-01,"629265.0, 5799375.0",16096.0,0.27256015
2024-09-01,"629295.0, 5799375.0",16110.0,0.38892904
2024-09-01,"629325.0, 5799375.0",16166.0,0.38328195
2024-09-01,"629355.0, 5799375.0",16218.0,0.038169686
2024-09-01,"629385.0, 5799375.0",16306.0,0.020980446
2024-09-01,"628815.0, 5799345.0",15385.0,0.07238237
2024-09-01,"628845.0, 5799345.0",15421.0,0.29945284
2024-09-01,"628875.0, 5799345.0",15500.0,0.1745092
2024-09-01,"628905.0, 5799345.0",15608.0,0.19394444
2024-09-01,"628935.0, 5799345.0",15726.0,0.0866212
2024-09-01,"628965.0, 5799345.0",15928.0,0.32055187
2024-09-01,"628995.0, 5799345.0",16178.0,0.17734703
2024-09-01,"629025.0, 5799345.0",16391.0,0.18792626
2024-09-01,"629055.0, 5799345.0",16494.0,0.23934266
2024-09-01,"629085.0, 5799345.0",16526.0,0.2012578
2024-09-01,"629115.0, 5799345.0",16512.0,0.23056963
2024-09-01,"629145.0, 5799345.0",16453.0,0.28914592
2024-09-01,"629175.0, 5799345.0",16315.0,0.53984445
2024-09-01,"629205.0, 5799345.0",16136.0,0.31525666
2024-09-01,"629235.0, 5799345.0",16027.0,0.019864272
2024-09-01,"629265.0, 5799345.0",16035.0,0.3707799
2024-09-01,"629295.0, 5799345.0",16049.0,0.03154767
2024-09-01,"629325.0, 5799345.0",16082.0,0.25772902
2024-09-01,"629355.0, 5799345.0",16134.0,0.027734954
2024-09-01,"629385.0, 5799345.0",16213.0,0.040077485
2024-09-01,"628815.0, 5799315.0",15318.0,0.53358316
2024-09-01,"628845.0, 5799315.0",15358.0,0.25101388
2024-09-01,"628875.0, 5799315.0",15437.0,0.4517722
2024-09-01,"628905.0, 5799315.0",15545.0,0.18216248
2024-09-01,"628935.0, 5799315.0",15666.0,0.16774924
2024-09-01,"628965.0, 5799315.0",15878.0,0.51301825
2024-09-01,"628995.0, 5799315.0",16096.0,0.029884005
2024-09-01,"629025.0, 5799315.0",16223.0,0.24931836
2024-09-01,"629055.0, 5799315.0",16266.0,0.4315763
2024-09-01,"629085.0, 5799315.0",16280.0,0.22773987
2024-09-01,"629115.0, 5799315.0",16271.0,0.03361596
2024-09-01,"629145.0, 5799315.0",16234.0,0.09228281
2024-09-01,"629175.0, 5799315.0",16136.0,0.07250015
2024-09-01,"629205.0, 5799315.0",15994.0,0.20649299
2024-09-01,"629235.0, 5799315.0",15917.0,0.02944583
2024-09-01,"629265.0, 5799315.0",15950.0,0.3991668
2024-09-01,"629295.0, 5799315.0",15979.0,0.35529628
2024-09-01,"629325.0, 5799315.0",15998.0,0.03506629
2024-09-01,"629355.0, 5799315.0",16026.0,0.04115531
2024-09-01,"629385.0, 5799315.0",16078.0,0.035581023
2024-09-01,"628815.0, 5799285.0",15208.0,0.55509466
2024-09-01,"628845.0, 5799285.0",15223.0,0.08713072
2024-09-01,"628875.0, 5799285.0",15293.0,0.14267945
2024-09-01,"628905.0, 5799285.0",15402.0,0.33669195
2024-09-01,"628935.0, 5799285.0",15539.0,0.38200608
2024-09-01,"628965.0, 5799285.0",15753.0,0.31365472
2024-09-01,"628995.0, 5799285.0",15940.0,0.28244436
2024-09-01,"629025.0, 5799285.0",16011.0,0.10826296
2024-09-01,"629055.0, 5799285.0",16000.0,0.50499386
2024-09-01,"629085.0, 5799285.0",15976.0,0.5327803
2024-09-01,"629115.0, 5799285.0",15976.0,0.26895237
2024-09-01,"629145.0, 5799285.0",15956.0,0.34132197
2024-09-01,"629175.0, 5799285.0",15909.0,0.20437375
2024-09-01,"629205.0, 5799285.0",15835.0,0.034893457
2024-09-01,"629235.0, 5799285.0",15801.0,0.20025052
2024-09-01,"629265.0, 5799285.0",15855.0,0.162259
2024-09-01,"629295.0, 5799285.0",15898.0,0.23601156
2024-09-01,"629325.0, 5799285.0",15922.0,0.017954977
2024-09-01,"629355.0, 5799285.0",15931.0,0.14585674
2024-09-01,"629385.0, 5799285.0",15945.0,0.20676912
2024-09-01,"628815.0, 5799255.0",15061.0,0.33891395
2024-09-01,"628845.0, 5799255.0",15051.0,0.3531622
2024-09-01,"628875.0, 5799255.0",15112.0,0.1453075
2024-09-01,"628905.0, 5799255.0",15208.0,0.046873216
2024-09-01,"628935.0, 5799255.0",15355.0,0.31545132
2024-09-01,"628965.0, 5799255.0",15573.0,0.1993433
2024-09-01,"628995.0, 5799255.0",15743.0,0.20877053
2024-09-01,"629025.0, 5799255.0",15767.0,0.28453946
2024-09-01,"629055.0, 5799255.0",15761.0,0.284519
2024-09-01,"629085.0, 5799255.0",15737.0,0.1593312
2024-09-01,"629115.0, 5799255.0",15718.0,0.17764477
2024-09-01,"629145.0, 5799255.0",15697.0,0.099542625
2024-09-01,"629175.0, 5799255.0",15682.0,0.17604119
2024-09-01,"629205.0, 5799255.0",15660.0,0.33882356
2024-09-01,"629235.0, 5799255.0",15650.0,0.39517844
2024-09-01,"629265.0, 5799255.0",15735.0,0.2958747
2024-09-01,"629295.0, 5799255.0",15812.0,0.091051035
2024-09-01,"629325.0, 5799255.0",15850.0,0.102818474
2024-09-01,"629355.0, 5799255.0",15850.0,0.057158493
2024-09-01,"629385.0, 5799255.0",15845.0,0.33456585
2024-09-01,"628815.0, 5799225.0",14917.0,0.077620745
2024-09-01,"628845.0, 5799225.0",14907.0,0.38627556
2024-09-01,"628875.0, 5799225.0",14964.0,0.07478328
2024-09-01,"628905.0, 5799225.0",15035.0,0.21867636
2024-09-01,"628935.0, 5799225.0",15180.0,0.33245635
2024-09-01,"628965.0, 5799225.0",15370.0,0.5014978
2024-09-01,"628995.0, 5799225.0",15504.0,0.4669854
2024-09-01,"629025.0, 5799225.0",15514.0,0.32177362
2024-09-01,"629055.0, 5799225.0",15499.0,0.18610531
2024-09-01,"629085.0, 5799225.0",15466.0,0.21824045
2024-09-01,"629115.0, 5799225.0",15446.0,0.3396549
2024-09-01,"629145.0, 5799225.0",15423.0,0.18892111
2024-09-01,"629175.0, 5799225.0",15398.0,0.31611633
2024-09-01,"629205.0, 5799225.0",15420.0,0.15043077
2024-09-01,"629235.0, 5799225.0",15469.0,0.3165081
2024-09-01,"629265.0, 5799225.0",15581.0,0.028044995
2024-09-01,"629295.0, 5799225.0",15689.0,0.07509541
2024-09-01,"629325.0, 5799225.0",15752.0,0.11892074
2024-09-01,"629355.0, 5799225.0",15761.0,0.36642224
2024-09-01,"629385.0, 5799225.0",15752.0,0.061359894
2024-09-01,"628815.0, 5799195.0",14760.0,0.24845728
2024-09-01,"628845.0, 5799195.0",14776.0,0.19866042
2024-09-01,"628875.0, 5799195.0",14875.0,0.4653353
2024-09-01,"628905.0, 5799195.0",14947.0,0.2286277
2024-09-01,"628935.0, 5799195.0",15093.0,0.33597994
2024-09-01,"628965.0, 5799195.0",15239.0,0.22781746
2024-09-01,"628995.0, 5799195.0",15309.0,0.35945424
2024-09-01,"629025.0, 5799195.0",15299.0,0.22379914
2024-09-01,"629055.0, 5799195.0",15257.0,0.37546527
2024-09-01,"629085.0, 5799195.0",15216.0,0.19018397
2024-09-01,"629115.0, 5799195.0",15176.0,0.21819814
2024-09-01,"629145.0, 5799195.0",15138.0,0.16190094
2024-09-01,"629175.0, 5799195.0",15112.0,0.3301527
2024-09-01,"629205.0, 5799195.0",15106.0,0.20057172
2024-09-01,"629235.0, 5799195.0",15177.0,0.3345683
2024-09-01,"629265.0, 5799195.0",15379.0,0.028828975
2024-09-01,"629295.0, 5799195.0",15508.0,0.026383689
2024-09-01,"629325.0, 5799195.0",15601.0,0.013527337
2024-09-01,"629355.0, 5799195.0",15655.0,0.2148932
2024-09-01,"629385.0, 5799195.0",15669.0,0.028689932
2024-09-01,"628815.0, 5799165.0",14697.0,0.3124637
2024-09-01,"628845.0, 5799165.0",14734.0,0.392704
2024-09-01,"628875.0, 5799165.0",14834.0,0.18244137
2024-09-01,"628905.0, 5799165.0",14916.0,0.33194384
2024-09-01,"628935.0, 5799165.0",15058.0,0.09581121
2024-09-01,"628965.0, 5799165.0",15169.0,0.20808245
2024-09-01,"628995.0, 5799165.0",15169.0,0.32720926
2024-09-01,"629025.0, 5799165.0",15129.0,0.5433548
2024-09-01,"629055.0, 5799165.0",15070.0,0.041590765
2024-09-01,"629085.0, 5799165.0",15008.0,0.16911884
2024-09-01,"629115.0, 5799165.0",14947.0,0.37641186
2024-09-01,"629145.0, 5799165.0",14872.0,0.2176636
2024-09-01,"629175.0, 5799165.0",14809.0,0.38125882
2024-09-01,"629205.0, 5799165.0",14769.0,0.31578985
2024-09-01,"629235.0, 5799165.0",14852.0,0.10472329
2024-09-01,"629265.0, 5799165.0",15036.0,0.029181082
2024-09-01,"629295.0, 5799165.0",15228.0,0.03326504
2024-09-01,"629325.0, 5799165.0",15399.0,0.31416756
2024-09-01,"629355.0, 5799165.0",15522.0,0.41942388
2024-09-01,"629385.0, 5799165.0",15606.0,0.43914068
2024-09-01,"628815.0, 5799135.0",14739.0,0.37098718
2024-09-01,"628845.0, 5799135.0",14760.0,0.45892802
2024-09-01,"628875.0, 5799135.0",14834.0,0.07108404
2024-09-01,"628905.0, 5799135.0",14906.0,0.5796981
2024-09-01,"628935.0, 5799135.0",15012.0,0.34903413
2024-09-01,"628965.0, 5799135.0",15093.0,0.17009723
2024-09-01,"628995.0, 5799135.0",15078.0,0.37862763
2024-09-01,"629025.0, 5799135.0",15012.0,0.412893
2024-09-01,"629055.0, 5799135.0",14936.0,0.3766227
2024-09-01,"629085.0, 5799135.0",14874.0,0.3978922
2024-09-01,"629115.0, 5799135.0",14802.0,0.39663294
2024-09-01,"629145.0, 5799135.0",14710.0,0.3978036
2024-09-01,"629175.0, 5799135.0",14621.0,0.4396807
2024-09-01,"629205.0, 5799135.0",14540.0,0.035893716
2024-09-01,"629235.0, 5799135.0",14615.0,0.15617658
2024-09-01,"629265.0, 5799135.0",14798.0,-0.02505753
2024-09-01,"629295.0, 5799135.0",14984.0,0.09009342
2024-09-01,"629325.0, 5799135.0",15223.0,0.5166124
2024-09-01,"629355.0, 5799135.0",15438.0,0.40132368
2024-09-01,"629385.0, 5799135.0",15596.0,0.04397783
2024-09-01,"628815.0, 5799105.0",14791.0,0.12736414
2024-09-01,"628845.0, 5799105.0",14854.0,0.39149755
2024-09-01,"628875.0, 5799105.0",14890.0,0.3094573
2024-09-01,"628905.0, 5799105.0",14901.0,0.47633797
2024-09-01,"628935.0, 5799105.0",14955.0,0.21998578
2024-09-01,"628965.0, 5799105.0",15012.0,0.39831695
2024-09-01,"628995.0, 5799105.0",15006.0,0.34750918
2024-09-01,"629025.0, 5799105.0",14930.0,0.5327517
2024-09-01,"629055.0, 5799105.0",14843.0,0.2199379
2024-09-01,"629085.0, 5799105.0",14781.0,0.25133482
2024-09-01,"629115.0, 5799105.0",14718.0,0.47363257
2024-09-01,"629145.0, 5799105.0",14658.0,0.07961027
2024-09-01,"629175.0, 5799105.0",14579.0,0.38926926
2024-09-01,"629205.0, 5799105.0",14503.0,0.27568853
2024-09-01,"629235.0, 5799105.0",14578.0,0.0518382
2024-09-01,"629265.0, 5799105.0",14741.0,0.10892051
2024-09-01,"629295.0, 5799105.0",14912.0,0.06303958
2024-09-01,"629325.0, 5799105.0",15153.0,0.34359968
2024-09-01,"629355.0, 5799105.0",15418.0,0.08572366
2024-09-01,"629385.0, 5799105.0",15630.0,0.3529523
2024-09-01,"628815.0, 5799075.0",15015.0,0.12908241
2024-09-01,"628845.0, 5799075.0",15005.0,0.41765568
2024-09-01,"628875.0, 5799075.0",14978.0,0.44714206
2024-09-01,"628905.0, 5799075.0",14931.0,0.42540187
2024-09-01,"628935.0, 5799075.0",14919.0,0.53413075
2024-09-01,"628965.0, 5799075.0",14924.0,0.37758714
2024-09-01,"628995.0, 5799075.0",14904.0,0.53181654
2024-09-01,"629025.0, 5799075.0",14811.0,0.15926848
2024-09-01,"629055.0, 5799075.0",14723.0,0.41184554
2024-09-01,"629085.0, 5799075.0",14687.0,0.39299586
2024-09-01,"629115.0, 5799075.0",14634.0,0.5313694
2024-09-01,"629145.0, 5799075.0",14578.0,0.3978435
2024-09-01,"629175.0, 5799075.0",14605.0,0.28679445
2024-09-01,"629205.0, 5799075.0",14615.0,0.36394975
2024-09-01,"629235.0, 5799075.0",14694.0,0.055542927
2024-09-01,"629265.0, 5799075.0",14845.0,0.04077675
2024-09-01,"629295.0, 5799075.0",14995.0,0.30871248
2024-09-01,"629325.0, 5799075.0",15193.0,0.10254693
2024-09-01,"629355.0, 5799075.0",15423.0,0.06342748
2024-09-01,"629385.0, 5799075.0",15625.0,0.21105519
2024-09-01,"628815.0, 5799045.0",15158.0,0.030311672
2024-09-01,"628845.0, 5799045.0",15117.0,0.37800542
2024-09-01,"628875.0, 5799045.0",15034.0,0.3103781
2024-09-01,"628905.0, 5799045.0",14936.0,0.3709442
2024-09-01,"628935.0, 5799045.0",14862.0,0.22035295
2024-09-01,"628965.0, 5799045.0",14806.0,0.35464042
2024-09-01,"628995.0, 5799045.0",14722.0,0.24769655
2024-09-01,"629025.0, 5799045.0",14633.0,0.36409184
2024-09-01,"629055.0, 5799045.0",14570.0,0.38132486
2024-09-01,"629085.0, 5799045.0",14549.0,0.5848088
2024-09-01,"629115.0, 5799045.0",14555.0,0.3699735
2024-09-01,"629145.0, 5799045.0",14578.0,0.41371918
2024-09-01,"629175.0, 5799045.0",14642.0,0.42945886
2024-09-01,"629205.0, 5799045.0",14731.0,0.29454747
2024-09-01,"629235.0, 5799045.0",14862.0,0.035015143
2024-09-01,"629265.0, 5799045.0",14994.0,0.028483685
2024-09-01,"629295.0, 5799045.0",15097.0,0.32652655
2024-09-01,"629325.0, 5799045.0",15228.0,0.22576186
2024-09-01,"629355.0, 5799045.0",15398.0,0.026525337
2024-09-01,"629385.0, 5799045.0",15566.0,0.36980146
2024-09-01,"628815.0, 5799015.0",15194.0,0.029677317
2024-09-01,"628845.0, 5799015.0",15148.0,0.14332025
2024-09-01,"628875.0, 5799015.0",15023.0,0.12956807
2024-09-01,"628905.0, 5799015.0",14880.0,0.4625515
2024-09-01,"628935.0, 5799015.0",14764.0,0.09687729
2024-09-01,"628965.0, 5799015.0",14665.0,0.30398628
2024-09-01,"628995.0, 5799015.0",14554.0,0.37695935
2024-09-01,"629025.0, 5799015.0",14453.0,0.16467689
2024-09-01,"629055.0, 5799015.0",14400.0,0.19381052
2024-09-01,"629085.0, 5799015.0",14405.0,0.17352253
2024-09-01,"629115.0, 5799015.0",14453.0,0.07374148
2024-09-01,"629145.0, 5799015.0",14531.0,0.199218
2024-09-01,"629175.0, 5799015.0",14642.0,0.062857255
2024-09-01,"629205.0, 5799015.0",14752.0,0.15507644
2024-09-01,"629235.0, 5799015.0",14909.0,0.031174498
2024-09-01,"629265.0, 5799015.0",15056.0,0.20816983
2024-09-01,"629295.0, 5799015.0",15142.0,0.19935791
2024-09-01,"629325.0, 5799015.0",15228.0,0.3748975
2024-09-01,"629355.0, 5799015.0",15343.0,0.0874091
2024-09-01,"629385.0, 5799015.0",15492.0,0.33665648
2024-09-01,"628815.0, 5798985.0",15216.0,0.16691889
2024-09-01,"628845.0, 5798985.0",15144.0,0.35734594
2024-09-01,"628875.0, 5798985.0",14966.0,0.30197972
2024-09-01,"628905.0, 5798985.0",14762.0,0.22887185
2024-09-01,"628935.0, 5798985.0",14628.0,0.36174402
2024-09-01,"628965.0, 5798985.0",14501.0,0.19421406
2024-09-01,"628995.0, 5798985.0",14389.0,0.036121085
2024-09-01,"629025.0, 5798985.0",14297.0,0.23706253
2024-09-01,"629055.0, 5798985.0",14216.0,0.08594655
2024-09-01,"629085.0, 5798985.0",14249.0,0.030286413
2024-09-01,"629115.0, 5798985.0",14358.0,0.1588964
2024-09-01,"629145.0, 5798985.0",14474.0,0.46726996
2024-09-01,"629175.0, 5798985.0",14608.0,0.33953255
2024-09-01,"629205.0, 5798985.0",14761.0,0.037452377
2024-09-01,"629235.0, 5798985.0",14907.0,0.056280904
2024-09-01,"629265.0, 5798985.0",15048.0,0.2943436
2024-09-01,"629295.0, 5798985.0",15129.0,0.262986
2024-09-01,"629325.0, 5798985.0",15205.0,0.47087407
2024-09-01,"629355.0, 5798985.0",15305.0,0.09052765
2024-09-01,"629385.0, 5798985.0",15444.0,0.1690572
2024-09-01,"628815.0, 5798955.0",15185.0,0.14057939
2024-09-01,"628845.0, 5798955.0",15078.0,0.3631702
2024-09-01,"628875.0, 5798955.0",14872.0,0.5185457
2024-09-01,"628905.0, 5798955.0",14636.0,0.36048537
2024-09-01,"628935.0, 5798955.0",14485.0,0.04104696
2024-09-01,"628965.0, 5798955.0",14324.0,0.31196278
2024-09-01,"628995.0, 5798955.0",14183.0,0.18606539
2024-09-01,"629025.0, 5798955.0",14106.0,0.222912
2024-09-01,"629055.0, 5798955.0",14106.0,0.4196842
2024-09-01,"629085.0, 5798955.0",14173.0,0.32474765
2024-09-01,"629115.0, 5798955.0",14309.0,0.23625717
2024-09-01,"629145.0, 5798955.0",14447.0,0.44031423
2024-09-01,"629175.0, 5798955.0",14592.0,0.25249442
2024-09-01,"629205.0, 5798955.0",14740.0,-0.13209881
2024-09-01,"629235.0, 5798955.0",14875.0,0.020496527
2024-09-01,"629265.0, 5798955.0",15007.0,0.17271417
2024-09-01,"629295.0, 5798955.0",15083.0,0.42780137
2024-09-01,"629325.0, 5798955.0",15164.0,0.05161783
2024-09-01,"629355.0, 5798955.0",15280.0,0.51885957
2024-09-01,"629385.0, 5798955.0",15429.0,0.29283196
2024-09-01,"628815.0, 5798925.0",15047.0,0.15126707
2024-09-01,"628845.0, 5798925.0",14928.0,0.5513016
2024-09-01,"628875.0, 5798925.0",14720.0,0.16330042
2024-09-01,"628905.0, 5798925.0",14486.0,0.23483714
2024-09-01,"628935.0, 5798925.0",14329.0,0.114186436
2024-09-01,"628965.0, 5798925.0",14155.0,0.42193675
2024-09-01,"628995.0, 5798925.0",14012.0,0.23546311
2024-09-01,"629025.0, 5798925.0",13968.0,0.16967157
2024-09-01,"629055.0, 5798925.0",14034.0,0.25096762
2024-09-01,"629085.0, 5798925.0",14145.0,0.15106033
2024-09-01,"629115.0, 5798925.0",14298.0,0.6221347
2024-09-01,"629145.0, 5798925.0",14447.0,0.42576078
2024-09-01,"629175.0, 5798925.0",14597.0,0.29482198
2024-09-01,"629205.0, 5798925.0",14745.0,0.12411183
2024-09-01,"629235.0, 5798925.0",14865.0,0.21928957
2024-09-01,"629265.0, 5798925.0",14981.0,0.19093533
2024-09-01,"629295.0, 5798925.0",15053.0,0.23580492
2024-09-01,"629325.0, 5798925.0",15139.0,0.43798015
2024-09-01,"629355.0, 5798925.0",15275.0,0.098536685
2024-09-01,"629385.0, 5798925.0",15434.0,0.41246453
2024-09-01,"628815.0, 5798895.0",14771.0,0.17852904
2024-09-01,"628845.0, 5798895.0",14686.0,0.39988136
2024-09-01,"628875.0, 5798895.0",14534.0,0.24599697
2024-09-01,"628905.0, 5798895.0",14351.0,0.08771855
2024-09-01,"628935.0, 5798895.0",14221.0,0.102822304
2024-09-01,"628965.0, 5798895.0",14045.0,0.23631655
2024-09-01,"628995.0, 5798895.0",13912.0,0.21197993
2024-09-01,"629025.0, 5798895.0",13895.0,0.3373012
2024-09-01,"629055.0, 5798895.0",13984.0,0.1994938
2024-09-01,"629085.0, 5798895.0",14117.0,0.16763891
2024-09-01,"629115.0, 5798895.0",14292.0,0.44733903
2024-09-01,"629145.0, 5798895.0",14458.0,0.1615645
2024-09-01,"629175.0, 5798895.0",14634.0,0.082577966
2024-09-01,"629205.0, 5798895.0",14792.0,0.04575979
2024-09-01,"629235.0, 5798895.0",14914.0,0.06476084
2024-09-01,"629265.0, 5798895.0",14996.0,0.4093678
2024-09-01,"629295.0, 5798895.0",15063.0,0.04495923
2024-09-01,"629325.0, 5798895.0",15144.0,0.09889163
2024-09-01,"629355.0, 5798895.0",15280.0,0.29000917
2024-09-01,"629385.0, 5798895.0",15444.0,0.29013556
2024-09-01,"628815.0, 5798865.0",14494.0,0.023460807
2024-09-01,"628845.0, 5798865.0",14456.0,0.10909053
2024-09-01,"628875.0, 5798865.0",14377.0,0.20806634
2024-09-01,"628905.0, 5798865.0",14274.0,0.07476155
2024-09-01,"628935.0, 5798865.0",14185.0,0.4587616
2024-09-01,"628965.0, 5798865.0",14047.0,0.34794712
2024-09-01,"628995.0, 5798865.0",13931.0,0.20234394
2024-09-01,"629025.0, 5798865.0",13903.0,0.39027244
2024-09-01,"629055.0, 5798865.0",13976.0,0.19502877
2024-09-01,"629085.0, 5798865.0",14098.0,0.35937363
2024-09-01,"629115.0, 5798865.0",14279.0,0.19501357
2024-09-01,"629145.0, 5798865.0",14477.0,0.30604383
2024-09-01,"629175.0, 5798865.0",14689.0,0.13162376
2024-09-01,"629205.0, 5798865.0",14857.0,0.046425663
2024-09-01,"629235.0, 5798865.0",14955.0,0.029664222
2024-09-01,"629265.0, 5798865.0",15042.0,0.2698245
2024-09-01,"629295.0, 5798865.0",15113.0,0.24073537
2024-09-01,"629325.0, 5798865.0",15189.0,0.20183055
2024-09-01,"629355.0, 5798865.0",15295.0,0.28915465
2024-09-01,"629385.0, 5798865.0",15434.0,0.37220138
2024-09-01,"628815.0, 5798835.0",14283.0,0.28895336
2024-09-01,"628845.0, 5798835.0",14272.0,0.026266372
2024-09-01,"628875.0, 5798835.0",14258.0,0.3494892
2024-09-01,"628905.0, 5798835.0",14214.0,0.032386497
2024-09-01,"628935.0, 5798835.0",14179.0,0.06625122
2024-09-01,"628965.0, 5798835.0",14102.0,0.12374963
2024-09-01,"628995.0, 5798835.0",14014.0,0.19513015
2024-09-01,"629025.0, 5798835.0",13964.0,0.31124598
2024-09-01,"629055.0, 5798835.0",13992.0,0.20551881
2024-09-01,"629085.0, 5798835.0",14082.0,0.21419619
2024-09-01,"629115.0, 5798835.0",14246.0,0.24036027
2024-09-01,"629145.0, 5798835.0",14450.0,0.01993527
2024-09-01,"629175.0, 5798835.0",14663.0,1.0679243e-05
2024-09-01,"629205.0, 5798835.0",14846.0,0.20125067
2024-09-01,"629235.0, 5798835.0",14970.0,0.09755874
2024-09-01,"629265.0, 5798835.0",15062.0,0.25940016
2024-09-01,"629295.0, 5798835.0",15149.0,0.4186221
2024-09-01,"629325.0, 5798835.0",15229.0,0.2964581
2024-09-01,"629355.0, 5798835.0",15315.0,0.29484767
2024-09-01,"629385.0, 5798835.0",15414.0,0.24879797
2024-09-01,"628815.0, 5798805.0",14163.0,0.28203475
2024-09-01,"628845.0, 5798805.0",14163.0,0.32392126
2024-09-01,"628875.0, 5798805.0",14159.0,0.26609915
2024-09-01,"628905.0, 5798805.0",14137.0,0.28863358
2024-09-01,"628935.0, 5798805.0",14135.0,0.19937491
2024-09-01,"628965.0, 5798805.0",14108.0,0.08346617
2024-09-01,"628995.0, 5798805.0",14064.0,0.59036
2024-09-01,"629025.0, 5798805.0",14003.0,0.32184544
2024-09-01,"629055.0, 5798805.0",13992.0,0.02434887
2024-09-01,"629085.0, 5798805.0",14043.0,0.26422957
2024-09-01,"629115.0, 5798805.0",14197.0,0.22946182
2024-09-01,"629145.0, 5798805.0",14391.0,0.029256012
2024-09-01,"629175.0, 5798805.0",14594.0,0.042675253
2024-09-01,"629205.0, 5798805.0",14778.0,0.1234334
2024-09-01,"629235.0, 5798805.0",14924.0,0.08873716
2024-09-01,"629265.0, 5798805.0",15042.0,0.2810761
2024-09-01,"629295.0, 5798805.0",15138.0,0.3467312
2024-09-01,"629325.0, 5798805.0",15224.0,0.33172452
2024-09-01,"629355.0, 5798805.0",15300.0,0.33274156
2024-09-01,"629385.0, 5798805.0",15384.0,0.60007685
2024-09-01,"628815.0, 5798775.0",14080.0,0.57281816
2024-09-01,"628845.0, 5798775.0",14069.0,0.20726179
2024-09-01,"628875.0, 5798775.0",14054.0,0.14667004
2024-09-01,"628905.0, 5798775.0",14024.0,0.3280885
2024-09-01,"628935.0, 5798775.0",14011.0,0.55979836
2024-09-01,"628965.0, 5798775.0",13994.0,0.4477147
2024-09-01,"628995.0, 5798775.0",13988.0,0.034931064
2024-09-01,"629025.0, 5798775.0",13961.0,0.3603661
2024-09-01,"629055.0, 5798775.0",13933.0,0.18738657
2024-09-01,"629085.0, 5798775.0",13942.0,0.50078213
2024-09-01,"629115.0, 5798775.0",14104.0,0.26778835
2024-09-01,"629145.0, 5798775.0",14291.0,0.11861818
2024-09-01,"629175.0, 5798775.0",14480.0,0.038076174
2024-09-01,"629205.0, 5798775.0",14662.0,0.033292387
2024-09-01,"629235.0, 5798775.0",14835.0,0.32105953
2024-09-01,"629265.0, 5798775.0",14980.0,0.31269044
2024-09-01,"629295.0, 5798775.0",15108.0,0.2580377
2024-09-01,"629325.0, 5798775.0",15194.0,0.097627625
2024-09-01,"629355.0, 5798775.0",15259.0,0.30669865
2024-09-01,"629385.0, 5798775.0",15324.0,0.29147214
2024-09-01,"628815.0, 5798745.0",13991.0,0.07132893
2024-09-01,"628845.0, 5798745.0",13974.0,0.13421585
2024-09-01,"628875.0, 5798745.0",13935.0,0.21772215
2024-09-01,"628905.0, 5798745.0",13885.0,0.3587274
2024-09-01,"628935.0, 5798745.0",13849.0,0.3325924
2024-09-01,"628965.0, 5798745.0",13815.0,0.23072007
2024-09-01,"628995.0, 5798745.0",13798.0,0.33456323
2024-09-01,"629025.0, 5798745.0",13798.0,0.1952857
2024-09-01,"629055.0, 5798745.0",13798.0,0.31841037
2024-09-01,"629085.0, 5798745.0",13790.0,0.2827043
2024-09-01,"629115.0, 5798745.0",13914.0,0.35055324
2024-09-01,"629145.0, 5798745.0",14126.0,0.025050027
2024-09-01,"629175.0, 5798745.0",14334.0,-0.015833044
2024-09-01,"629205.0, 5798745.0",14524.0,0.2651159
2024-09-01,"629235.0, 5798745.0",14704.0,0.56403077
2024-09-01,"629265.0, 5798745.0",14892.0,0.05065
2024-09-01,"629295.0, 5798745.0",15047.0,0.088754244
2024-09-01,"629325.0, 5798745.0",15138.0,0.35256943
2024-09-01,"629355.0, 5798745.0",15199.0,0.5944237
2024-09-01,"629385.0, 5798745.0",15264.0,0.35399136
